Dutch Word,English Word,Row_Number
ik,I,1
je,you,2
het,the  ,3
de,the,4
dat,Which,5
is,is,6
een,a,7
niet,not ,8
en,and,9
van,by,10
wat,what,11
we,we,12
in,in,13
ze,they,14
hij,he,15
te,at,16
zijn,to be,17
op,on,18
maar,but,19
er,there,20
met,of,21
voor,for,22
die,That,23
heb,have got,24
me,me,25
als,as,26
was,used to be,27
ben,am,28
om,to,29
dit,this,30
mijn,mine,31
aan,at,32
u,you,33
dan,than,34
n,n,35
naar,nasty,36
weet,know,37
hier,here,38
zo,like this,39
jij,you,40
kan,can,41
geen,no,42
nog,yet,43
ja,Yes,44
hem,it,45
heeft,has,46
wel,well,47
moet,must,48
wil,want to,49
hebben,to have,50
goed,good  ,51
haar,hair,52
nee,new,53
hoe,how,54
nu,now,55
waar,true,56
over,about,57
ook,also,58
doen,to do,59
uit,from,60
zou,would,61
ga,go,62
of,or,63
gaan,to go,64
bent,are,65
mij,me,66
bij,Bee,67
al,already,68
ons,us,69
had,had,70
iets,something,71
daar,there,72
jullie,you,73
gaat,goes,74
zal,shall,75
m,m,76
hebt,have,77
kom,bowl,78
waarom,Why,79
meer,Lake,80
deze,this one,81
moeten,should,82
t,t,83
laat,leave,84
kunnen,can,85
dus,So,86
jou,you,87
denk,think,88
wie,Who,89
alles,everything,90
echt,real,91
doe,off,92
door,by means of,93
alleen,only,94
s,s,95
toch,However,96
zien,see,97
weg,away,98
eens,once,99
man,man,100
misschien,maybe,101
laten,to leave,102
nooit,never,103
nou,Well,104
zei,said,105
terug,back,106
oké,Okay,107
mee,along,108
niets,nothing,109
iemand,someone,110
komt,coming,111
toen,then,112
veel,loads of,113
even,for a bit,114
onze,our,115
gewoon,just,116
weten,know,117
komen,come,118
nodig,necessary,119
mensen,people,120
tot,until,121
worden,become,122
zeggen,say,123
tijd,time,124
weer,again,125
leven,to live,126
twee,two,127
net,just,128
tegen,against,129
maken,to make,130
uw,your,131
zeg,say,132
omdat,because,133
zit,sit,134
wordt,is becoming,135
z,Z,136
hou,keep,137
kijk,look,138
heel,all,139
wij,we ,140
altijd,all the time,141
mag,allowed,142
gedaan,done,143
dood,dead,144
zeker,secure,145
af,off,146
jaar,year,147
hun,their,148
wilde,wild,149
dag,day,150
allemaal,all of them,151
jouw,your,152
huis,House,153
dacht,thought,154
doet,is doing,155
vader,father,156
kunt,can,157
wacht,guard,158
zie,see ,159
vrouw,woman,160
keer,time,161
andere,Others,162
zoals,like,163
zij,she,164
dank,thanks,165
anders,different,166
geef,give,167
waren,goods,168
willen,want,169
zich,herself,170
bedankt,thanks,171
één,a,172
mr,MR,173
erg,terribly,174
wilt,want,175
praten,to talk,176
spijt,regret,177
geld,money,178
kon,could,179
werk,work,180
oh,Oh,181
iedereen,everybody,182
beter,better,183
werd,became,184
moeder,mother,185
niemand,nobody,186
vinden,find,187
staat,stands,188
gezien,seen,189
niks,nothing,190
binnen,within,191
zitten,sit,192
zullen,shall,193
na,after,194
helpen,help out,195
wist,knew,196
vind,find,197
genoeg,enough,198
sorry,Sorry,199
vast,fixed,200
elkaar,each other,201
ging,went,202
uur,o'clock,203
klaar,finished,204
hele,whole,205
neem,take,206
leuk,nice,207
natuurlijk,naturally,208
alle,all,209
god,God,210
maak,make,211
lang,long,212
kwam,came,213
graag,Please,214
hé,Hey,215
toe,at,216
drie,three,217
zegt,say,218
bedoel,mean,219
deed,held,220
dingen,stuff,221
maakt,make,222
alsjeblieft,please,223
eerste,first,224
krijgen,to get,225
zonder,without,226
steeds,still,227
hallo,Hello,228
houden,to hold,229
vertellen,to tell,230
ziet,sees,231
idee,idea,232
geven,to give,233
achter,behind,234
geweest,been,235
blijven,to stay,236
helemaal,all the way,237
mooi,pretty,238
onder,below,239
kijken,look,240
zag,saw,241
goede,good  ,242
naam,name,243
moest,had to,244
blijf,stay,245
kun,abundance,246
auto,car,247
luister,listen,248
grote,great,249
lijkt,seems,250
snel,fast,251
ooit,ever,252
vragen,ask,253
paar,couple,254
wanneer,when,255
want,because,256
meneer,sir,257
nieuwe,new ones,258
gebeurd,happened,259
zorgen,to care,260
vriend,friend,261
beetje,bit,262
kinderen,children,263
gek,freak,264
hand,hand,265
vraag,question,266
laatste,last,267
geweldig,awesome,268
hadden,had,269
zelfs,even,270
enige,any,271
bang,anxious,272
nemen,to take,273
samen,together,274
eten,food,275
o,O,276
zelf,self,277
hoor,hear,278
geleden,past,279
staan,stand,280
gevonden,found it,281
jongen,boy,282
denken,to think,283
vandaag,Today,284
denkt,thinks,285
beste,Best,286
gezegd,said,287
thuis,At home,288
wereld,world,289
jongens,boys,290
heen,to,291
ken,know,292
hen,them,293
eerst,first,294
eigen,own,295
zoon,son,296
gelijk,directly,297
buiten,Outside,298
vertel,tell,299
morgen,tomorrow,300
meisje,girl,301
probleem,issue,302
alsof,as if,303
geloof,believe,304
halen,to fetch ,305
familie,family,306
elke,each,307
zouden,would,308
hoop,heap,309
politie,Police,310
mannen,men,311
bijna,almost,312
vermoord,murdered,313
eigenlijk,actually,314
werken,to work,315
verdomme,damn,316
horen,to belong,317
manier,way,318
zat,was sitting,319
vrienden,friends,320
precies,precisely,321
kind,child,322
hè,Hey,323
kleine,little,324
begrijp,understand,325
wou,wish,326
geeft,gives,327
orde,order,328
houdt,holds,329
verder,further,330
vroeg,early,331
stop,Stop,332
wachten,to wait,333
rustig,Calm,334
hoofd,head,335
krijg,receive,336
daarom,therefore,337
gebeurt,happens,338
soms,sometimes,339
volgens,according to,340
dagen,to dawn,341
vond,found,342
krijgt,gets,343
gemaakt,created,344
kant,side,345
werkt,works,346
open,Open,347
gehad,having,348
voel,feel,349
zaak,matter,350
blij,pleased,351
volgende,next one,352
zoek,Search,353
kans,opportunity,354
vanavond,this evening,355
bel,call,356
probeer,try,357
zoeken,Search,358
oude,old,359
ding,thing,360
moment,moment,361
best,best,362
tussen,among,363
plaats,Place,364
pas,pass,365
gehoord,heard,366
vijf,five,367
verteld,told,368
zet,move,369
prima,fine,370
hulp,staff,371
stad,city,372
vindt,finds,373
brengen,bring,374
pijn,pain,375
slecht,bad,376
geloven,to believe,377
eruit,get out,378
minuten,minute,379
school,school,380
plan,plan,381
broer,brother,382
pak,business suit,383
jezelf,yourself,384
hoeveel,How much,385
kamer,room,386
betekent,stands for,387
spreken,speak,388
juist,correct,389
heet,hot,390
soort,kind,391
haal,get,392
ergens,somewhere,393
vier,four,394
gebruiken,use,395
ligt,lies,396
blijft,stays,397
welke,which,398
proberen,to attempt,399
dokter,doctor,400
agent,agent,401
help,Help,402
later,later,403
voordat,before,404
ogen,eyes,405
vrij,free,406
klopt,beats,407
gaf,gave,408
foto,photo,409
word,become,410
zodat,so that,411
dochter,daughter,412
problemen,issues,413
plek,place,414
water,water,415
kent,knows,416
week,week,417
beginnen,to start,418
praat,talking,419
eerder,earlier,420
lk,lk,421
mis,mass,422
handen,hands,423
deur,door,424
baby,baby,425
bellen,dial,426
boven,upper,427
groot,big,428
echte,real,429
hoeft,needs,430
ie,ie,431
doden,kill,432
stoppen,fuses,433
moeilijk,difficult,434
dr,Dr.,435
sinds,ever since,436
land,land,437
spelen,play,438
zoveel,that much,439
hetzelfde,the same,440
mevrouw,Mrs,441
snap,snap,442
breng,bring,443
pakken,to take,444
druk,Busy,445
verhaal,story,446
lekker,Yummy,447
vrouwen,women,448
schat,treasure,449
vergeten,to forget,450
gebeuren,to happen,451
ervan,of it,452
kreeg,received,453
waarschijnlijk,probably,454
hoi,Hi,455
mogelijk,possibly,456
mooie,nice,457
bloed,blood,458
wees,orphan,459
nacht,night,460
nieuws,news,461
bed,bed,462
liet,let,463
lopen,walk,464
gelukkig,happy,465
waarheid,truth,466
reden,rode,467
papa,Daddy,468
hoorde,heard,469
klinkt,sounds,470
maanden,months,471
vermoorden,murder,472
zorg,concern,473
dollar,dollar,474
bezig,in process,475
voorbij,past,476
terwijl,while,477
sta,stand,478
zaken,Affairs,479
avond,evening,480
tien,ten,481
schuld,debt,482
veilig,safe,483
redden,to rescue,484
hart,heart,485
zult,will,486
duidelijk,clear,487
stel,couple,488
the,the,489
schiet,shooting,490
eraan,there,491
zes,six,492
begin,get started,493
gekomen,arrived,494
vol,full,495
vriendin,girlfriend,496
rond,round,497
voelt,feel,498
baas,boss,499
moord,murder,500
ander,other,501
klein,small,502
fijn,fine,503
jaren,years,504
mam,mam,505
lichaam,body,506
eerlijk,honestly,507
gezicht,face,508
ver,far,509
wakker,wake -up,510
ouders,parents,511
zoiets,something like this,512
leren,to learn,513
telefoon,phone,514
los,loose,515
per,per,516
mama,mom,517
nummer,number,518
fout,error,519
mogen,be allowed to,520
meteen,right away,521
slapen,to sleep,522
zeer,very,523
dezelfde,the same,524
liefde,love,525
alstublieft,Please,526
deel,part ,527
liggen,lie,528
erop,on top,529
vaak,often,530
vallen,traps,531
belangrijk,important,532
sterven,die,533
oud,old,534
neer,down,535
buurt,neighborhood,536
langs,by,537
houd,loves,538
rest,rest,539
stond,was standing,540
sir,sir,541
begrepen,understood,542
drinken,drink,543
team,team,544
vertelde,told,545
beneden,down,546
vergeet,forgets,547
vooruit,ahead,548
mrs,Mrs.,549
hoort,belongs,550
baan,track,551
dicht,closed,552
inderdaad,indeed,553
geval,case,554
zetten,to make,555
oorlog,war,556
mezelf,myself,557
tijdens,during the day,558
john,John,559
maakte,feature,560
kennen,know,561
gebruikt,used,562
oke,Okay,563
geluk,luck,564
hey,hey,565
hield,kept,566
wapen,weapon,567
kop,head,568
vertrouwen,to trust,569
rust,peace,570
mond,mouth,571
weken,weeks,572
elk,each,573
betalen,Pay,574
anderen,others,575
neemt,takes,576
recht,straight,577
nam,grabbed,578
jack,jacket,579
kantoor,office,580
gegeven,datum,581
ermee,with it,582
overal,everywhere,583
eén,a,584
daarna,then,585
tweede,second,586
onderzoek,research,587
welkom,welcome,588
hard,hard,589
liever,rather,590
bewijs,evidence,591
vanaf,from,592
aardig,friendly,593
klootzak,asshole,594
stuk,broken,595
woord,word,596
veranderen,change,597
zin,sentence,598
straks,soon,599
vent,guy,600
zus,sister,601
haat,hate,602
vandaan,from,603
miss,miss,604
lieverd,darling,605
zichzelf,itself,606
nieuw,new,607
ontmoeten,Meet,608
werden,be,609
allebei,both,610
minder,less,611
pap,dad,612
nergens,nowhere,613
kwaad,pissed off,614
sam,sam,615
erin,there,616
ervoor,before,617
kerel,dude,618
gisteren,yesterday,619
ontmoet,meet,620
miljoen,million,621
ok,OK,622
film,movie,623
verloren,lost,624
probeerde,tried,625
gebeld,called,626
new,new,627
antwoord,answer,628
noemen,to mention,629
informatie,information,630
boek,book,631
stil,quiet,632
kapitein,captain,633
kwijt,lost,634
enkel,single,635
valt,fall,636
boos,angry,637
licht,light,638
geworden,have become,639
pa,pa,640
persoon,person,641
konden,abundance,642
beschermen,to protect,643
slechte,poor,644
ziekenhuis,Hopital,645
gevoel,feeling,646
gegaan,gone,647
voorzichtig,carefully,648
hond,dog,649
rijden,to ride,650
eindelijk,Finally,651
gesproken,spoken,652
meisjes,girls,653
aarde,soil,654
ten,at,655
normaal,normal,656
grappig,funny,657
heren,Men,658
voelen,to feel,659
moordenaar,killer,660
mens,man,661
president,president,662
nogal,rather,663
gevangenis,jail,664
loopt,runs,665
degene,the one,666
prachtig,beautiful,667
hoezo,how so,668
kopen,to buy,669
vechten,fight,670
punt,point,671
vreemd,strange,672
trouwen,Marry,673
contact,Contact,674
verkeerd,wrong,675
meen,mean,676
koffie,coffee,677
verwacht,expected,678
schip,ship,679
ziek,ill,680
plezier,pleasure,681
einde,end,682
stap,step,683
advocaat,lawyer,684
begint,begins,685
begon,began,686
enkele,a few,687
erbij,there,688
gang,course,689
gebeurde,happened,690
heer,gentleman,691
herinner,remember,692
jezus,Jesus,693
opnieuw,again,694
serieus,serious,695
zomaar,just like that,696
pardon,excuse me,697
gevraagd,sought -after,698
controle,check,699
getrouwd,married,700
daarmee,with that,701
spel,game,702
bedoelt,intended,703
perfect,perfect,704
stellen,set,705
juiste,right one,706
koning,king,707
beloof,promise,708
grond,ground,709
waard,worth,710
winnen,to win,711
nadat,once,712
gebruik,usage,713
naartoe,to,714
begrijpen,to understand,715
veranderd,changed,716
acht,eight,717
he,Hey,718
gingen,went,719
kwamen,arrive,720
leeft,lives,721
leg,put,722
gekregen,got,723
langer,longer,724
verliezen,losses,725
vroeger,back in the days,726
lucht,sky,727
wapens,weapons,728
verlaten,leave,729
probeert,tries,730
dames,ladies,731
seks,sex,732
schieten,shoot,733
toekomst,future,734
behalve,except,735
slim,smart,736
meest,most,737
stuur,send,738
leger,army,739
woorden,words,740
zeven,seven,741
brengt,brings,742
charlie,Charlie,743
half,half,744
hierheen,here,745
trots,pride,746
spullen,stuff,747
geheim,secret,748
helpt,helps,749
vraagt,requires,750
michael,Michael,751
weinig,few,752
ongeveer,about,753
schatje,darling,754
sommige,some,755
makkelijk,comfortable,756
kracht,power,757
gedood,killed,758
gestolen,stolen,759
tenminste,at least,760
lange,long,761
ongeluk,accident,762
frank,Frank,763
zodra,as soon,764
werkte,work,765
wilden,wild ones,766
eet,eat,767
slechts,only,768
lief,sweet,769
nietwaar,not true,770
relatie,relation,771
trek,migration,772
afgelopen,past,773
val,fall,774
volgen,follow,775
ter,ter,776
voelde,felt,777
bekend,known,778
bewijzen,prove,779
hoef,hoof,780
via,through,781
oom,uncle,782
loop,run,783
belde,call,784
lijken,appear,785
sturen,to steer,786
men,men,787
slachtoffer,victim,788
george,George,789
genomen,taken,790
maand,month,791
onzin,nonsense,792
meid,girl,793
york,York,794
erger,worse,795
idioot,idiot,796
ziens,see,797
dienst,shift,798
erover,over,799
feest,party,800
leek,seemed,801
vreselijk,horrible,802
eentje,one,803
gevaar,danger,804
wonen,live,805
grootste,great,806
succes,good luck,807
vertrekken,leave,808
jawel,Yes,809
muziek,music,810
mocht,for,811
raar,weird,812
slaap,sleep,813
joe,Joe,814
absoluut,absolute,815
vorige,previous,816
ruimte,room,817
ieder,everyone,818
schuldig,guilty,819
goeie,good,820
begonnen,started,821
luisteren,listen,822
sterk,strong,823
omhoog,upwards,824
totdat,until,825
afspraak,appointment,826
lezen,read,827
zwarte,black,828
vanwege,because of,829
hemel,heaven,830
tenzij,unless,831
gisteravond,yesterday evening,832
begrijpt,understand,833
ene,one,834
lag,lag,835
naast,next,836
vooral,mainly,837
fantastisch,fantastic,838
gered,saved,839
viel,fell,840
trouwens,Incidentally,841
uh,uh,842
bank,Bank,843
pistool,pistol,844
noem,call,845
bedrijf,company,846
camera,camera,847
blijkbaar,evidently,848
woont,lives,849
verkopen,to sell,850
beide,both,851
zolang,so long,852
straat,street,853
mike,Mike,854
geest,spirit,855
david,David,856
vuur,fire,857
peter,Peter,858
verkeerde,wrong,859
moesten,had to,860
lieve,dear,861
tom,Tom,862
geprobeerd,tried,863
meeste,most,864
kijkt,looks,865
stierf,died,866
hotel,hotel,867
droom,dream,868
verliefd,in love,869
jammer,Unfortunately,870
gedacht,thought,871
let,note,872
rug,back,873
vertaling,translation,874
slaan,to beat,875
gaten,holes,876
doel,goal,877
meter,meter,878
drugs,drug,879
gevaarlijk,dangerous,880
geweldige,great,881
lijst,list,882
fbi,FBI,883
namen,take,884
deden,did,885
jonge,young,886
schelen,care,887
goedemorgen,good morning,888
dragen,wear,889
iedere,each,890
excuseer,excuse,891
stom,stupid,892
jong,young,893
zover,as far,894
betaald,paid,895
kende,knew,896
kleren,clothes,897
gesprek,conversation,898
lukt,succeeds,899
welk,which,900
vertelt,tells,901
prijs,price,902
voorstellen,introduce,903
huwelijk,wedding,904
tv,TV,905
missen,to miss,906
schrijven,write,907
groep,group,908
herinneren,remember,909
regels,lines,910
vonden,found,911
vliegtuig,plane,912
onderweg,en route,913
delen,parts,914
geleerd,learned,915
stomme,stupid,916
bestaat,consists,917
james,James,918
vertrouw,trust,919
daarvoor,therefor,920
shit,shit,921
trekken,Pull,922
zak,bag,923
vanuit,from,924
gebracht,brought,925
stem,voice,926
gezin,family,927
keuze,choice,928
raken,touch,929
direct,straight away,930
verdomde,damn,931
boot,boat,932
dom,stupid,933
verleden,past,934
gemist,missed,935
duurt,takes,936
gedachten,thoughts,937
situatie,situation,938
moe,tired,939
deal,deal,940
tafel,table,941
band,band,942
generaal,general,943
reis,trip,944
partner,partner,945
leuke,nice,946
raad,council,947
honger,hungry,948
geraakt,touched,949
gebouw,building,950
zwaar,heavy,951
gast,guest,952
gestuurd,steered,953
geboren,born,954
bracht,brought,955
rechter,judge,956
agenten,agents,957
bureau,desk,958
macht,power,959
spreek,speak,960
derde,third,961
regel,rule,962
kolonel,colonel,963
ruzie,row,964
oma,Grandma,965
zeiden,said,966
speelt,plays,967
dronken,drunk,968
vliegen,fly,969
luitenant,lieutenant,970
gelooft,believes,971
arme,poor,972
seconden,second,973
liep,walked,974
tuurlijk,of course,975
red,red,976
gefeliciteerd,congratulations,977
koud,cold,978
regelen,to arrange,979
henry,Henry,980
bericht,message,981
vlucht,flight,982
moeite,trouble,983
hel,hell,984
dame,Lady,985
oog,eye,986
ma,ma,987
dansen,dancing,988
teken,sign,989
onmogelijk,impossible,990
gewerkt,worked,991
helaas,unfortunately,992
grapje,just kidding,993
arm,arm,994
show,show,995
lachen,laugh,996
leggen,lay,997
sleutel,key,998
wet,law,999
liefje,sweetheart,1000
keek,watched,1001
paul,Paul,1002
alex,Alex,1003
aantal,number of,1004
zoekt,searches,1005
extra,additional,1006
zweer,swear,1007
leiden,lead,1008
harry,Harry,1009
mary,Mary,1010
lijk,dead body,1011
kapot,Broken,1012
bleef,Remained,1013
sneller,faster,1014
gebroken,broken,1015
uiteindelijk,in the end,1016
verdwenen,gone,1017
kaart,Map,1018
kerk,church,1019
mijne,mine,1020
dode,dead,1021
brand,fire,1022
i,I,1023
max,max,1024
betrokken,concerned,1025
wegwezen,get out,1026
plannen,plan,1027
volg,follow,1028
lastig,tricky,1029
tijdje,while,1030
negen,nine,1031
gebied,area,1032
beiden,both,1033
eind,end,1034
operatie,operation,1035
diep,deep,1036
persoonlijk,in person,1037
liegen,to lie,1038
zwanger,pregnant,1039
club,club,1040
respect,respect,1041
steek,lurch,1042
waarvoor,for which,1043
missie,mission,1044
cool,cool,1045
danny,Danny,1046
amerika,America,1047
zon,Sun,1048
kost,cost,1049
paard,horse,1050
waarop,on which,1051
maat,mate,1052
brief,letter,1053
raak,striking,1054
rijk,rich,1055
rij,queue,1056
risico,risk,1057
meestal,mostly,1058
witte,white,1059
getuige,witness,1060
kwalijk,bad,1061
rechercheur,detective,1062
schoenen,shoes,1063
bar,bar,1064
hoeven,hooves,1065
midden,middle,1066
hopelijk,hopefully,1067
lijn,line,1068
eer,honour,1069
gezet,set,1070
zuster,sister,1071
bal,ball,1072
a,a,1073
sprak,spoke,1074
aanval,attack,1075
aandacht,attention,1076
kiezen,select,1077
komaan,come on,1078
rode,red,1079
meiden,fellow girls,1080
amerikaanse,American,1081
adres,address,1082
zee,sea,1083
hoog,high,1084
feestje,party,1085
gekocht,purchased,1086
bevel,order,1087
wedstrijd,contest,1088
sluiten,Close,1089
daarvan,of them,1090
jimmy,Jimmy,1091
volledig,fully,1092
rot,rotten,1093
les,grade,1094
ziel,soul,1095
interessant,interesting,1096
slag,battle,1097
sluit,closing,1098
zelfmoord,suicide,1099
computer,computer,1100
planeet,planet,1101
bereiken,to achieve,1102
verdachte,suspect,1103
sarah,Sarah,1104
gelezen,read,1105
uitleggen,to explain,1106
beloofd,promised,1107
laatst,last,1108
winkel,store,1109
zul,such,1110
wagen,car,1111
angst,fear,1112
muur,wall,1113
leeg,empty,1114
bezoek,visit,1115
stelen,to steal,1116
gewonnen,won,1117
positie,position,1118
wisten,knew,1119
sheriff,sheriff,1120
bekijken,see,1121
helft,half,1122
r,r,1123
warm,warmly,1124
keus,choice,1125
vanmorgen,this morning,1126
park,park,1127
zulke,such,1128
nick,Nick,1129
heerlijk,lovely,1130
gevallen,cases,1131
zaten,sat,1132
rennen,run,1133
gewond,injured,1134
sergeant,sergeant,1135
volk,people,1136
dieren,animal,1137
kort,short,1138
spreekt,speaks,1139
ah,Ah,1140
allen,all,1141
tony,Tony,1142
verdient,earnings,1143
onderzoeken,to investigate,1144
haast,rush,1145
dromen,to dream,1146
systeem,system,1147
meester,master,1148
kont,ass,1149
enig,any,1150
ontdekt,discovers,1151
verkocht,sold,1152
tante,aunt,1153
bewegen,to move,1154
geschreven,written,1155
groter,taller,1156
neus,nose,1157
ach,oh,1158
verklaring,declaration,1159
broek,pants,1160
verdienen,to deserve,1161
speel,play,1162
hangt,hangs,1163
vijand,enemy,1164
gelukt,success,1165
verschillende,various,1166
speciale,special one,1167
verrassing,surprise,1168
vreemde,stranger,1169
sla,salad,1170
geschiedenis,history,1171
erachter,behind,1172
lul,dick,1173
bezorgd,Worried,1174
hoogte,height,1175
vrede,peace,1176
meegenomen,brought,1177
zagen,saws,1178
liegt,lies,1179
bus,bus,1180
belachelijk,ridiculous,1181
betere,better,1182
raam,windown,1183
wijn,wine,1184
mes,knife,1185
ontslagen,laid off,1186
geheime,secret,1187
gehouden,kept,1188
weggaan,go away,1189
weekend,weekend,1190
eh,eh,1191
excuses,apologies,1192
getuigen,to give evidence,1193
jim,Jim,1194
bom,bomb,1195
inspecteur,inspector,1196
gehaald,achieved,1197
spoor,track,1198
held,hero,1199
benen,legs,1200
dachten,thought,1201
waarvan,from what,1202
tas,bag,1203
thee,tea,1204
ray,ray,1205
jane,Jane,1206
overleven,to survive,1207
belt,call,1208
meenemen,take,1209
nek,neck,1210
gevecht,battle,1211
bestaan,to exist,1212
ongelooflijk,incredible,1213
slachtoffers,victims,1214
drink,drink,1215
ring,ring,1216
donker,dark,1217
links,left,1218
dichtbij,close to,1219
bereid,prepared,1220
feit,fact,1221
vriendje,boyfriend,1222
professor,professor,1223
verschil,difference,1224
collega,colleague,1225
spul,stuff,1226
boeken,books,1227
slaat,hit,1228
will,will,1229
alweer,again,1230
rekening,account,1231
gooi,throw,1232
beslissing,decision,1233
verlies,loss,1234
been,leg,1235
verjaardag,birthday,1236
lift,elevator,1237
tommy,Tommy,1238
bob,Bob,1239
koningin,queen,1240
teveel,too much,1241
levend,living,1242
waarmee,by which,1243
raakt,hits,1244
draagt,wears,1245
verandert,changes,1246
trein,train,1247
da,da,1248
monster,sample,1249
raakte,gag,1250
sporen,tracks,1251
opa,grandpa,1252
zingen,to sing,1253
voeten,feet,1254
lot,lot,1255
richting,direction,1256
knap,good looking,1257
duren,last,1258
speciaal,special,1259
gebruikte,used,1260
gestopt,stopped,1261
hoge,high,1262
gesloten,Closed,1263
boord,board,1264
bedoelde,meant,1265
gepakt,packed,1266
you,You,1267
draai,play,1268
vannacht,tonight,1269
ijs,ice,1270
enorme,huge,1271
reed,drove,1272
beurt,turn,1273
koop,purchase,1274
appartement,apartment,1275
cel,cell,1276
d,D,1277
begraven,to bury,1278
indruk,impression,1279
vlees,meat,1280
strijd,conflict,1281
ochtend,morning,1282
keuken,kitchen,1283
energie,energy,1284
vernietigen,destroy,1285
geregeld,regularly,1286
plaatsen,places,1287
gevoelens,feelings,1288
last,burden,1289
la,la,1290
bedanken,to thank,1291
ophouden,to hold up,1292
hangen,to hang,1293
kennis,knowledge,1294
bill,Bill,1295
patiënt,patient,1296
zware,heavy,1297
basis,base,1298
kat,cat,1299
glas,glass,1300
sloeg,Slag,1301
dankzij,thanks to,1302
dader,perpetrator,1303
gasten,guests,1304
zwart,black,1305
betaal,pay,1306
adem,breath,1307
richard,Richard,1308
boodschap,errand,1309
grap,joke,1310
bos,bunch,1311
geholpen,assisted,1312
godsnaam,God sake,1313
prachtige,gorgeous,1314
neergeschoten,shot,1315
werkelijk,actually,1316
gestorven,died,1317
huilen,to cry,1318
commandant,commander,1319
billy,Billy,1320
soldaten,soldiers,1321
jake,jake,1322
jurk,dress,1323
gevangen,caught,1324
veiligheid,safety,1325
hoek,corner,1326
hiermee,with this,1327
afstand,distance,1328
kilometer,kilometer,1329
regering,government,1330
stoel,chair,1331
onschuldig,innocent,1332
kogel,ball,1333
londen,London,1334
vlak,right,1335
stuurde,steered,1336
fijne,nice,1337
waarin,in which,1338
voet,foot,1339
haalt,fetches,1340
ontsnappen,escape,1341
gooien,throw,1342
rechts,right,1343
ineens,suddenly,1344
ouwe,old,1345
test,test,1346
toestemming,permission,1347
wraak,revenge,1348
breken,break,1349
rol,role,1350
opschieten,Hurry up,1351
kalm,calm,1352
goud,gold,1353
verantwoordelijk,responsible,1354
enorm,enormous,1355
bespreken,discuss,1356
noemt,mentions,1357
verdorie,damn,1358
ervaring,experience,1359
soldaat,soldier,1360
gepraat,talking,1361
steve,Steve,1362
mark,Mark,1363
totaal,total,1364
and,and,1365
gratis,free,1366
overleden,passed away,1367
moorden,kill,1368
eiland,Island,1369
beeld,image,1370
passen,fit,1371
leeftijd,age,1372
noemde,mentioned,1373
tekenen,draw,1374
doorgaan,Get on,1375
boom,tree,1376
uitzoeken,investigate,1377
dak,roof,1378
besloten,decided,1379
lunch,lunch,1380
ryan,Ryan,1381
vele,many,1382
schoon,beautiful,1383
controleren,to check,1384
gearresteerd,arrested,1385
schoot,shot,1386
eraf,off,1387
achteruit,backwards,1388
johnny,Johnny,1389
belangrijke,important,1390
lees,read,1391
perfecte,perfect,1392
dorp,village,1393
eikel,jerk,1394
bobby,Bobby,1395
dossier,file,1396
past,suits,1397
code,code,1398
vieren,to celebrate,1399
geluid,sound,1400
homo,homo,1401
verschrikkelijk,terrible,1402
stelt,stilt,1403
slaapt,sleeps,1404
bier,beer,1405
dna,DNA,1406
hoelang,how long,1407
eenmaal,once,1408
simpel,easy,1409
zocht,sought,1410
blauwe,blue,1411
stukje,piece,1412
vermist,missing,1413
zorgt,worries,1414
gat,hole,1415
ouder,older,1416
kate,Kate,1417
schrijf,writing,1418
schreef,wrote,1419
wens,wish,1420
geslagen,beaten,1421
parijs,Paris,1422
toevallig,chance,1423
leiding,pipe,1424
edelachtbare,prevailable,1425
bouwen,to build,1426
geweten,known,1427
heilige,holy,1428
restaurant,restaurant,1429
sterft,dies,1430
toegang,access,1431
verbergen,hide,1432
draait,turns,1433
leidt,leading,1434
armen,poor,1435
luke,Luke,1436
taak,task,1437
ware,true,1438
lab,lab,1439
misdaad,crime,1440
nadenken,think it over,1441
vakantie,holidays,1442
behoorlijk,fairly,1443
sleutels,Keys,1444
video,video,1445
levens,lifetime,1446
geniet,enjoy,1447
draaien,to turn,1448
vertrek,departure,1449
betreft,Re,1450
eric,Eric,1451
slot,key lock,1452
ms,ms,1453
verpest,ruined,1454
proces,process,1455
opdracht,assignment,1456
programma,program,1457
klote,lick,1458
leider,leader,1459
actie,action,1460
waardoor,as a result of which,1461
antwoorden,answer,1462
gezeten,sitting,1463
bruiloft,wedding,1464
vorm,form,1465
woon,living,1466
directeur,director,1467
cliënt,client,1468
goedenavond,good evening,1469
advies,advice,1470
hoewel,although,1471
eddie,Eddie,1472
chris,Chris,1473
uren,hours,1474
welterusten,good night,1475
tijden,times,1476
volwassen,grown up,1477
vuile,dirty,1478
majoor,major,1479
radio,radio,1480
aangenaam,nice to meet you,1481
drankje,drink,1482
maan,Moon,1483
kregen,got,1484
gemakkelijk,easy,1485
vergeef,forgery,1486
klas,class,1487
krant,newspaper,1488
langzaam,slowly,1489
kosten,cost,1490
martin,Martin,1491
procent,per cent,1492
mist,fog,1493
pad,path,1494
vrijheid,freedom,1495
verdwijnen,to disappear,1496
gelogen,lied,1497
beweging,movement,1498
twijfel,doubt,1499
neef,cousin,1500
gemeen,mean,1501
fles,bottle,1502
dol,foolish,1503
draag,carry,1504
vis,fish,1505
waarover,about what,1506
rood,red,1507
hersenen,brain,1508
der,of,1509
verloor,lost,1510
taxi,cab,1511
voorkomen,prevent,1512
medicijnen,medicines,1513
okay,Okay,1514
binnenkort,soon,1515
doos,box,1516
terecht,justly,1517
mening,opinion,1518
geweer,gun,1519
bezit,possess,1520
top,top,1521
wonder,wonder,1522
vergeven,to forgive,1523
stopt,stops,1524
hopen,to hope,1525
thomas,Thomas,1526
ophalen,to pick up,1527
wind,wind,1528
oplossen,to resolve,1529
jaloers,jealous,1530
kevin,Kevin,1531
rachel,rachel,1532
onmiddellijk,immediately,1533
gedrag,behaviour,1534
charles,Charles,1535
stemmen,to vote,1536
ontbijt,breakfast,1537
lol,LOL,1538
walter,Walter,1539
honden,dog,1540
ontvangen,receive,1541
verhalen,stories,1542
rivier,river,1543
twaalf,twelve,1544
voedsel,food,1545
gauw,quickly,1546
volgt,follow,1547
vaker,more often,1548
adam,Adam,1549
keren,turn,1550
klanten,customers,1551
chef,chef,1552
wint,win,1553
brian,Brian,1554
minuut,minute,1555
anna,Anna,1556
detective,detective,1557
verraden,betray,1558
don,Don,1559
geweld,violence,1560
akkoord,agreement,1561
tonen,to show,1562
genoemd,called,1563
gewone,ordinary,1564
papieren,paper,1565
verband,bandage,1566
hoopte,hoped,1567
rare,strange,1568
brug,bridge,1569
jas,jacket,1570
bloemen,flowers,1571
daniel,Daniel,1572
trap,staircase,1573
mijnheer,Sir,1574
aanvallen,to attack,1575
leer,doctrine,1576
street,street,1577
opnemen,to withdraw,1578
robert,Robert,1579
schade,injury,1580
blijkt,turns out,1581
bijzonder,special,1582
huid,skin,1583
krachten,forces,1584
zakken,to fail,1585
openen,to open,1586
arts,doctor,1587
hoer,whore,1588
gestoord,disturbed,1589
scott,scot,1590
gegeten,ate,1591
echtgenoot,husband,1592
bedoeling,intention,1593
durf,dare,1594
trouw,fidelity,1595
bedenken,think about,1596
ergste,worst,1597
bedacht,suspicious,1598
tegenhouden,to prevent,1599
vermoordde,killed,1600
nachts,night,1601
vertrokken,left,1602
knul,kid,1603
engels,English,1604
start,Start,1605
favoriete,favourite,1606
persoonlijke,personal,1607
bepaalde,particular,1608
sommigen,some,1609
yeah,yeah,1610
momentje,just hold on,1611
medische,medical,1612
sexy,sexy,1613
burgemeester,mayor,1614
lee,lee,1615
officier,officer,1616
kussen,To kiss,1617
date,date,1618
ster,star,1619
gezocht,sought,1620
captain,captain,1621
wezen,being,1622
roep,call,1623
details,details,1624
zomer,summer,1625
dikke,thick,1626
ruikt,smells,1627
eigenaar,owner,1628
motor,engine,1629
universiteit,university,1630
hielp,helped,1631
kus,kiss,1632
luistert,listen,1633
gegevens,data,1634
claire,claire,1635
beveiliging,security,1636
nagedacht,thought,1637
lisa,Lisa,1638
gekozen,chosen,1639
betaalt,pays,1640
betekenen,mean,1641
verborgen,hidden,1642
publiek,public,1643
carrière,career,1644
tanden,teeth,1645
amy,Amy,1646
rapport,report,1647
super,super,1648
vrije,free,1649
geheimen,secrets,1650
opeens,suddenly,1651
beest,beast,1652
afgesproken,agreed to meet,1653
halve,half,1654
rijdt,drives,1655
belangrijkste,main,1656
kamp,camp,1657
leef,living,1658
washington,Washington,1659
steun,support,1660
afdeling,department,1661
honderd,hundred,1662
vorig,last,1663
rook,smoke,1664
boel,lot,1665
vecht,Vecht,1666
strand,beach,1667
jason,Jason,1668
magie,magic,1669
oplossing,solution,1670
type,type,1671
rusten,rest,1672
droeg,wore,1673
wellicht,perhaps,1674
beelden,images,1675
genaamd,called,1676
terugkomen,coming back,1677
voeren,feed,1678
waardeer,appreciate,1679
nauwelijks,barely,1680
bad,bath,1681
bieden,offer,1682
geïnteresseerd,interested,1683
verlaat,leaves,1684
duivel,devil,1685
overkomen,come across,1686
speelde,played,1687
pond,lb,1688
ballen,ball,1689
duizenden,thousands,1690
gedoe,soil,1691
city,City,1692
nerveus,nervous,1693
locatie,Location,1694
blik,look,1695
doelwit,target,1696
gekke,silly,1697
meegemaakt,experienced,1698
twintig,twenty,1699
emily,Emily,1700
klant,customer,1701
kerels,guy,1702
loog,lye,1703
post,post,1704
aangevallen,attacked,1705
oren,ear,1706
emma,Emma,1707
springen,to jump,1708
gevolgd,followed,1709
releases,releases,1710
lach,smile,1711
ontmoette,met,1712
zwak,weak,1713
engeland,England,1714
ziekte,disease,1715
sterren,stars,1716
kyle,kyle,1717
trekt,pulls,1718
toilet,toilet,1719
steen,stone,1720
logisch,logically,1721
landen,Nations,1722
geloofde,believed,1723
fouten,faults,1724
verwachten,to expect,1725
leo,leo,1726
dankbaar,satisfying,1727
veroorzaakt,causes,1728
duizend,thousand,1729
wow,wow,1730
aangedaan,affected,1731
andy,Andy,1732
jury,jury,1733
verslaan,defeat,1734
vangen,to catch,1735
christus,Christ,1736
maria,Mary,1737
testen,to test,1738
grens,border,1739
paniek,panic,1740
nogmaals,once again,1741
telefoontje,phone,1742
steken,stiches,1743
jesse,Jesse,1744
pete,pete,1745
ontsnapt,Escaped,1746
herinnert,remember,1747
paarden,horses,1748
vaders,fathers,1749
theorie,theory,1750
kleur,color,1751
prins,Prince,1752
vissen,fishing,1753
bron,source,1754
lid,member,1755
drank,drink,1756
vergadering,meeting,1757
gebleven,remained,1758
meerdere,multiple,1759
ondanks,despite,1760
machine,machine,1761
moeders,mothers,1762
signaal,signal,1763
geslapen,slept,1764
lijden,suffering,1765
stappen,to step,1766
carter,carter,1767
eeuwig,eternal,1768
vreselijke,terrible,1769
km,km,1770
matt,matt,1771
doodde,kill,1772
dik,fat,1773
verkoop,sale,1774
rechtbank,court of law,1775
harde,tough,1776
genezen,cured,1777
begrafenis,funeral,1778
veld,field,1779
straf,punishment,1780
uitgenodigd,invited,1781
laag,low,1782
grace,Grace,1783
kies,molar,1784
wiens,whose,1785
william,William,1786
schattig,cute,1787
dr.,Dr.,1788
schot,shot,1789
vijanden,enemies,1790
neuken,fuck,1791
broers,brothers,1792
jagen,to hunt,1793
tevreden,satisfied,1794
gaven,give,1795
taart,pie,1796
domme,stupid,1797
flat,flat,1798
manieren,manners,1799
afmaken,finish up,1800
vriendelijk,friendly,1801
san,san,1802
sterker,stronger,1803
vluchten,to flee,1804
pers,press,1805
project,project,1806
st,stem,1807
vertrekt,leaves,1808
belang,interest,1809
frankrijk,France,1810
lukken,work,1811
geschoten,shot,1812
prinses,princess,1813
zwaard,sword,1814
aandoen,to put on,1815
arthur,Arthur,1816
annie,Annie,1817
makkelijker,easier,1818
gedragen,to behave,1819
bende,gang,1820
ernstig,serious,1821
gezond,healthy,1822
jouwe,yours,1823
vingers,fingers,1824
las,weld,1825
arresteren,to arrest,1826
tuin,garden,1827
ideeën,ideas,1828
korte,short,1829
gelaten,resistant,1830
sean,Sean,1831
duitse,German,1832
vrijdag,Friday,1833
opstaan,rise,1834
kunst,art,1835
sterke,strong,1836
afscheid,goodbye,1837
menselijke,human,1838
minister,minister,1839
clark,clark,1840
coach,coach,1841
verboden,forbidden,1842
kelder,cellar,1843
gezelschap,company,1844
bijvoorbeeld,for example,1845
achtergelaten,abandoned,1846
duur,expensive,1847
compleet,completely,1848
to,to,1849
eng,scary,1850
toeval,chance,1851
snapt,gets,1852
hiervan,thus,1853
miljoenen,millions,1854
simon,Simon,1855
jerry,Jerry,1856
war,war,1857
melk,milk,1858
kelly,Kelly,1859
lui,lazy,1860
genieten,to enjoy,1861
aannemen,take,1862
uitstekend,excellent,1863
tegenover,opposite,1864
dichterbij,closer,1865
chicago,chicago,1866
kocht,bought,1867
stuurt,steering,1868
volle,full,1869
schijnt,appears,1870
lenen,to lend,1871
moed,courage,1872
alice,Alice,1873
vergissing,mistake,1874
patiënten,patient,1875
toon,tone,1876
normale,normal,1877
broeder,brother,1878
kaarten,Cards,1879
films,films,1880
reizen,to travel,1881
ruim,roomy,1882
herinneringen,memories,1883
gedachte,thought,1884
saai,boring,1885
joey,Joey,1886
roken,to smoke,1887
truck,truck,1888
gaaf,great,1889
tegenwoordig,nowadays,1890
kwestie,matter,1891
zette,set,1892
opzij,sidewalk,1893
gaande,going on,1894
omgeving,environment,1895
kip,chicken,1896
verstopt,constipated,1897
leerde,learned,1898
vanochtend,this morning,1899
kast,closet,1900
officieel,officially,1901
aanbod,offer,1902
sms,text message,1903
vernietigd,destroyed,1904
verliest,loses,1905
menselijk,human,1906
contract,contract,1907
lady,lady,1908
mooiste,most beautiful,1909
flink,considerable,1910
majesteit,majesty,1911
cia,C.I.A,1912
carl,Carl,1913
sukkel,softy,1914
stopte,stopped,1915
haalde,gathered,1916
verdiend,earned,1917
genoegen,pleasure,1918
senator,senator,1919
buren,neighbors,1920
alan,Alan,1921
internet,internet,1922
vloer,floor,1923
zwemmen,swimming,1924
taylor,Taylor,1925
bedoeld,meant,1926
opgesloten,locked up,1927
ontslag,dismissal,1928
bekijk,look at,1929
borst,chest,1930
schreeuwen,shout,1931
bevalt,pleases,1932
hoger,higher,1933
blanke,White person,1934
redenen,reasons,1935
harder,harder,1936
ed,Ed,1937
ontvoerd,abducted,1938
vasthouden,to hold,1939
dave,Dave,1940
lucy,Lucy,1941
behandelen,to treat,1942
berg,mountain,1943
noorden,north,1944
opgeven,to report,1945
bepaald,certain,1946
spelletje,game,1947
maatje,Buddy,1948
daardoor,thereby,1949
omstandigheden,circumstances,1950
opgelost,dissolved,1951
heus,real,1952
koken,Cook,1953
vingerafdrukken,fingerprints,1954
trut,bitch,1955
eenvoudig,simple,1956
hiervoor,for this,1957
stukken,pieces,1958
tent,tent,1959
pauze,pause,1960
raden,to guess,1961
roepen,call,1962
leugenaar,liar,1963
bek,beak,1964
vervangen,to replace,1965
alarm,alarm,1966
interesse,interest,1967
talent,talent,1968
bereikt,reaches,1969
amerikanen,Americans,1970
kanker,cancer,1971
ted,ted,1972
aangezien,as,1973
beslissen,decide,1974
des,des,1975
rose,rose,1976
cadeau,gift,1977
mexico,Mexico,1978
kerst,Christmas,1979
louis,Louis,1980
invloed,influence,1981
geheugen,memory,1982
station,station,1983
doorheen,through,1984
vogel,bird,1985
verantwoordelijkheid,responsibility,1986
pillen,pills,1987
rome,Rome,1988
diner,dinner,1989
besluit,decision,1990
vlug,rapid,1991
deuren,doors,1992
woonde,lived,1993
west,west,1994
huh,huh,1995
verstand,mind,1996
moeilijke,difficult,1997
juffrouw,lady,1998
bescherming,protection,1999
quality,quality,2000
stilte,Silence,2001
bak,bin,2002
papier,paper,2003
erom,about,2004
volledige,sufficient,2005
zojuist,just now,2006
kilo,kilo,2007
chuck,chuck,2008
vormen,forms,2009
vaarwel,farewell,2010
storm,storm,2011
hoed,hat,2012
leugen,lie,2013
ambulance,ambulance,2014
opgenomen,Hospitalized,2015
beslist,specifically,2016
pizza,Pizza,2017
verdween,disappeared,2018
ontdekken,to discover,2019
eenheid,unit,2020
verzoek,request,2021
overtuigen,convince,2022
militaire,military,2023
kogels,bullets,2024
toegeven,to admit,2025
smith,smith,2026
gedronken,drunk,2027
high,high,2028
quantity,quantity,2029
gekeken,looked,2030
phil,Phil,2031
cent,penny,2032
punten,points,2033
reet,ass,2034
garage,garage,2035
vrees,fear,2036
big,pig,2037
kluis,safe,2038
slaapkamer,bedroom,2039
vandoor,off,2040
wit,white,2041
bezoeken,visits,2042
politiek,politics,2043
mogelijkheid,opportunity,2044
vertrok,departure,2045
jackson,Jackson,2046
verdomd,damn,2047
vervelend,annoying,2048
vs,US,2049
rekenen,to calculate,2050
klap,hole,2051
aanbieden,offer,2052
abby,abby,2053
streek,region,2054
zaterdag,Saturday,2055
uwe,yours,2056
zicht,view,2057
jones,Jones,2058
elf,eleven,2059
gewend,accustomed,2060
reactie,response,2061
jazeker,"Yes, of course",2062
blauw,blue,2063
herken,to recognise,2064
verbonden,connected,2065
reken,calculation,2066
schoonheid,beauty,2067
ho,hor,2068
hank,hank,2069
klus,job,2070
verandering,change,2071
vermoordt,killed,2072
accepteren,accept,2073
biertje,beer,2074
roger,Roger,2075
helen,heal,2076
gebouwd,built,2077
aankomen,arrive,2078
trok,pulled,2079
larry,Larry,2080
verhuizen,moving away,2081
waarde,where the,2082
troep,rubbish,2083
kust,coast,2084
graf,grave,2085
dans,dance,2086
verdediging,defense,2087
bleek,pale,2088
taal,language,2089
grotere,greater,2090
dier,animal,2091
aanklacht,indictment,2092
overheid,government,2093
wed,waving,2094
lossen,unload,2095
huizen,houses,2096
uiteraard,naturally,2097
gerust,restless,2098
manager,manager,2099
verdedigen,to defend,2100
valse,false,2101
lieten,let,2102
westen,West,2103
amper,barely,2104
bekeken,Viewed,2105
stal,stable,2106
job,Job,2107
maakten,made,2108
niveau,level,2109
binnenkomen,enter,2110
poging,attempt,2111
behandeld,treated,2112
overtuigd,convinced,2113
gewacht,waited,2114
stroom,flow,2115
wetenschap,science,2116
momenteel,currently,2117
wauw,Wow,2118
liedje,song,2119
vals,false,2120
vincent,Vincent,2121
onderzocht,investigated,2122
duurde,lasted,2123
lily,Lily,2124
josh,Josh,2125
keel,throat,2126
schepen,ships,2127
gouden,golden,2128
blind,blind,2129
achterlaten,leave behind,2130
gevangene,prisoner,2131
robin,Robin,2132
voordeel,benefit,2133
gevangenen,prison,2134
eieren,Eggs,2135
verbrand,burnt,2136
geduld,patience,2137
eeuw,century,2138
europa,Europe,2139
gescheiden,divorced,2140
snelheid,speed,2141
aardige,nicely,2142
gary,gary,2143
rotzooi,mess,2144
heette,was called,2145
brak,broke,2146
lichamen,bodies,2147
bidden,to pray,2148
natuur,nature,2149
maggie,maggia,2150
wijs,show,2151
buik,belly,2152
vinger,finger,2153
king,king,2154
gespeeld,played,2155
feiten,facts,2156
virus,virus,2157
ha,ha,2158
jeff,Jeff,2159
plus,plus,2160
groene,green,2161
bomen,trees,2162
personeel,staff,2163
patrick,Patrick,2164
karen,pile,2165
pakt,grabs,2166
plekken,spots,2167
commissaris,Commissioner,2168
sara,Sara,2169
zuiden,south,2170
rechten,right,2171
veranderde,changed,2172
stof,dust,2173
badkamer,bathroom,2174
leugens,lies,2175
zondag,Sunday,2176
erheen,there,2177
smaak,taste,2178
aanwezig,present,2179
leraar,teacher,2180
maandag,Monday,2181
verliet,left,2182
leefde,lived,2183
it,IT,2184
pakte,grabbed,2185
franse,French,2186
bergen,mountains,2187
duitsers,Germans,2188
woede,fury,2189
studeren,to study,2190
sliep,slept,2191
kleding,clothing,2192
stonden,stood,2193
troepen,troop,2194
eindigen,end,2195
feite,feite,2196
hemelsnaam,heaven's sake,2197
groeien,grow,2198
dean,Dean,2199
piloot,pilot,2200
geesten,ghost,2201
controleer,check,2202
verslag,report,2203
ex,ex,2204
julia,Julia,2205
heks,witch,2206
daarbij,thereby,2207
waarschuwen,warn,2208
julie,Julie,2209
victor,Victor,2210
jenny,Jenny,2211
melden,report,2212
elizabeth,Elizabeth,2213
oceaan,ocean,2214
gas,gas,2215
goden,gods,2216
mogelijke,possible,2217
voorlopig,for the time being,2218
verslagen,defeated,2219
gepland,planned,2220
verdacht,suspicious,2221
opgepakt,picked up,2222
susan,Susan,2223
privé,privately,2224
voren,forward,2225
stan,stan,2226
knappe,cleverly,2227
koffer,Suitcase,2228
zonde,shame,2229
naakt,naked,2230
neen,no,2231
plegen,commit,2232
excuus,excuse,2233
verrast,surprised,2234
dienen,serve,2235
graden,degree,2236
ongelofelijk,incredible,2237
haten,hate,2238
ervandoor,run,2239
opgewonden,agitated,2240
sterf,die,2241
dubbele,double,2242
tim,Tim,2243
boerderij,farm,2244
rijke,rich,2245
morgan,morgan,2246
bord,plate,2247
honderden,hundreds,2248
klootzakken,bastards,2249
herstellen,to recover,2250
schrijft,writes,2251
wc,WC,2252
ernaar,to it,2253
lord,Lord,2254
besloot,decided,2255
behandeling,therapy,2256
morgenochtend,tomorrow morning,2257
doc,doctrine,2258
orders,orders,2259
tong,tongue,2260
hitler,Hitler,2261
vanmiddag,this afternoon,2262
redt,saves,2263
ruil,exchange,2264
nathan,Nathan,2265
verklaren,to declare,2266
lieg,lie,2267
kim,Kim,2268
sync,sync,2269
leert,learns,2270
tegelijk,at the same time,2271
marine,navy,2272
champagne,Champagne,2273
liefste,Dear,2274
genade,grace,2275
chauffeur,driver,2276
wensen,wishes,2277
verdien,earn,2278
qoq,QoQ,2279
godverdomme,Goddamnit,2280
eenzaam,lonely,2281
wegens,due to,2282
voorstel,proposal,2283
gouverneur,governor,2284
graven,to dig,2285
terrein,grounds,2286
ontmoeting,meeting,2287
telt,counts,2288
handel,trade,2289
zwijgen,silence,2290
ademen,to breathe,2291
koos,koos,2292
um,um,2293
horloge,watch,2294
staten,states,2295
ronde,round,2296
daarover,about that,2297
verloofde,fiancé,2298
pot,pot,2299
donkere,dark,2300
afspraakje,date,2301
pensioen,pension,2302
vrolijk,cheerful,2303
poort,gate,2304
hoefde,needed,2305
gunst,favor,2306
artikel,article,2307
overval,anywhere,2308
belangrijker,more important,2309
netjes,decently,2310
knieën,knees,2311
slimme,smart,2312
aanraken,touch,2313
reputatie,reputation,2314
ontdekte,discover,2315
ruik,smell,2316
brood,bread,2317
russische,Russian,2318
vogels,birds,2319
partij,side,2320
verstoppen,to hide,2321
komst,arrival,2322
verdieping,floor,2323
dief,thief,2324
voorbeeld,sample,2325
geur,odor,2326
dichter,poet,2327
vliegveld,airport,2328
markt,market,2329
burgers,citizens,2330
centrum,Centre,2331
volgde,follow the,2332
ontzettend,horrible,2333
beer,bear,2334
alibi,alibi,2335
terugkomt,returns,2336
brieven,letters,2337
minstens,at least,2338
whisky,whiskey,2339
onschuldige,innocent,2340
stenen,stone,2341
universum,universe,2342
gezondheid,health,2343
daarheen,there,2344
wijze,wise,2345
britse,British,2346
b,b,2347
komende,up,2348
kerstmis,Christmas,2349
haven,port,2350
huur,rent,2351
plicht,duty,2352
assistent,assistant,2353
omgaan,To hang out,2354
ross,ross,2355
fan,fan,2356
materiaal,material,2357
laura,Laura,2358
hartelijk,warmly,2359
doug,Doug,2360
charlotte,Charlotte,2361
online,online,2362
onszelf,ourselves,2363
stelde,suggest,2364
shirt,shirt,2365
sally,Sally,2366
bevelen,command,2367
vergat,forgotten,2368
priester,priest,2369
meent,believes,2370
zelfde,same,2371
dossiers,files,2372
proost,cheers,2373
kloppen,to knock,2374
gekend,known,2375
vierde,fourth,2376
kaas,cheese,2377
opzoeken,to look up,2378
schrikken,to startle,2379
amanda,Amanda,2380
gepleegd,committed,2381
daarin,in there,2382
optreden,performance,2383
Nisan,Nisan,2384
veilige,safe,2385
marcus,Marcus,2386
beroep,profession,2387
black,black,2388
motief,motive,2389
molly,Molly,2390
betaalde,paid,2391
lucas,Lucas,2392
verderop,beyond,2393
jacht,hunt,2394
scheiden,divorce,2395
jeugd,youth,2396
lokale,local,2397
engel,angel,2398
kerstman,Santa Claus,2399
doei,bye,2400
toestand,status,2401
technologie,technology,2402
gebaseerd,based,2403
lichten,lights,2404
mars,Mars,2405
bovendien,moreover,2406
cijfers,Numbers,2407
bewaren,keep,2408
belofte,promise,2409
vertaald,translated,2410
teleurgesteld,disappointed,2411
vriendschap,friendship,2412
medelijden,pity,2413
fred,Fred,2414
chloe,chloe,2415
ramp,disaster,2416
vegas,vegas,2417
ren,run,2418
verzet,resists,2419
richten,to target,2420
steunen,supports,2421
wolf,Wolf,2422
advocaten,lawyers,2423
dwars,thwarted,2424
oefenen,to practise,2425
bezwaar,objection,2426
bevestigen,to confirm,2427
wijzen,ways,2428
china,China,2429
nachtmerrie,nightmare,2430
jackie,Jackie,2431
groen,green,2432
minst,least,2433
eindigt,ends,2434
verkoopt,sells,2435
zwembad,swimming pool,2436
verdriet,sorrow,2437
winter,winter,2438
afgesloten,locked,2439
geheel,whole,2440
min,minus,2441
verwijderd,deleted,2442
donder,Thunder,2443
mobiel,mobile,2444
monsters,samples,2445
okee,okay,2446
interesseert,interested,2447
leden,members,2448
gooide,threw,2449
muren,walls,2450
koers,course,2451
nat,wet,2452
bekende,known person,2453
waarheen,where to,2454
hierin,in here,2455
uniform,uniform,2456
voorbereid,prepared,2457
wild,wild,2458
regen,rain,2459
drinkt,drinks,2460
studenten,students,2461
bepalen,determine,2462
briefje,note,2463
fuck,fuck,2464
berichten,messages,2465
gok,gamble,2466
voldoende,Enough,2467
samenwerken,collaborate,2468
lekkere,tasty,2469
ruiken,to smell,2470
klok,clock,2471
duitsland,Germany,2472
gemeenschap,community,2473
redelijk,reasonable,2474
wezens,beings,2475
echter,however,2476
getekend,signed,2477
overwinning,victory,2478
rebecca,rebecca,2479
klonk,sounded,2480
onderwerp,topic,2481
verklaart,explains,2482
olie,oil,2483
bewust,consciously,2484
bemanning,crew,2485
tellen,to count,2486
degenen,the ones,2487
overkomt,happens,2488
vertrouwt,trust,2489
hang,halt,2490
tyler,tyler,2491
schoten,shot,2492
seconde,second,2493
geldt,applies,2494
delict,crime,2495
gibbs,gibbs,2496
groeten,regards,2497
maag,stomach,2498
beantwoorden,reply,2499
allerlei,all kinds of,2500
wandelen,to walk,2501
howard,Howard,2502
waarschuwing,warning,2503
gewaarschuwd,warned,2504
begreep,understood,2505
johnson,Johnson,2506
kist,chest,2507
barry,Barry,2508
middelbare,middle,2509
jay,Jay,2510
michelle,Michelle,2511
training,training,2512
texas,Texas,2513
pik,cock,2514
race,race,2515
geliefde,lover,2516
nationale,national,2517
gedeelte,section,2518
wassen,Wash,2519
verwachtte,expected,2520
scheelt,saves,2521
ophangen,hang up,2522
douche,shower,2523
greg,greeg,2524
reageren,react,2525
zwijg,be silent,2526
alcohol,alcohol,2527
stoor,interference,2528
verdiende,deserved,2529
gave,gift,2530
sprong,plunge,2531
bewakers,guards,2532
aangenomen,accepted,2533
model,fashion model,2534
data,dates,2535
oor,ear,2536
hi,Hi,2537
jeetje,Oh dear,2538
spelletjes,games,2539
noch,nor,2540
wedden,bet,2541
meedoen,participate,2542
winst,gain,2543
gereed,ready,2544
middag,afternoon,2545
lijf,body,2546
oliver,Oliver,2547
donna,Donna,2548
onthouden,to remember,2549
daarop,thereon,2550
identiteit,identity,2551
crimineel,criminal,2552
openbaar,public,2553
verpesten,to bully,2554
moordenaars,murderers,2555
bewaker,guardian,2556
andrew,Andrew,2557
beloofde,promised,2558
gods,God,2559
zowel,both,2560
media,media,2561
angela,Angela,2562
letten,look,2563
breekt,breaks,2564
sprake,talk,2565
kansen,chances,2566
explosie,explosion,2567
indrukwekkend,impressive,2568
plotseling,suddenly,2569
schutter,shooter,2570
hekel,dislike,2571
fort,fort,2572
ingewikkeld,complicated,2573
lied,song,2574
vriendinnen,girlfriends,2575
besef,realize,2576
spiegel,mirror,2577
gevochten,fought,2578
lege,empty,2579
onlangs,recently,2580
stand,stand,2581
woestijn,desert,2582
gedwongen,forced,2583
russen,Russians,2584
jamie,jamie,2585
idioten,idiots,2586
gezellig,cozy,2587
lunchen,having lunch,2588
hielden,kept,2589
cooper,shard,2590
seizoen,season,2591
resultaten,Results,2592
pagina,page,2593
frans,French,2594
vlieg,fly,2595
bril,glasses,2596
spannend,exciting,2597
doodt,kills,2598
mensheid,humanity,2599
botten,bone,2600
busje,van,2601
herinnering,memory,2602
olivia,Olivia,2603
kaartje,card,2604
pop,dolly,2605
verschuldigd,owed,2606
gesteld,faulty,2607
hee,hey,2608
tweeën,two,2609
zielig,pathetic,2610
my,mine,2611
terry,terry,2612
parker,parker,2613
hal,hall,2614
letterlijk,literally,2615
banden,tyres,2616
route,route,2617
vliegt,flies,2618
walgelijk,disgusting,2619
gegooid,thrown,2620
smerig,filthy,2621
verwijderen,remove,2622
uitzien,look,2623
beweegt,Moves,2624
hierover,here,2625
mannetje,male,2626
genie,genius,2627
burger,civilian,2628
bedreiging,threat,2629
lef,gut,2630
wilson,Wilson,2631
vlakbij,near,2632
gevolgen,implications,2633
gedag,goodbye,2634
ontslaan,fire,2635
nummers,numbers,2636
verzamelen,collect,2637
jongeman,young man,2638
huiswerk,Homework,2639
house,house,2640
koude,cold,2641
verontschuldigen,to apologize,2642
gevaarlijke,dangerous,2643
lelijk,ugly,2644
verbaasd,suprised,2645
vuil,filthy,2646
ondertussen,meanwhile,2647
gelukkige,happy,2648
leest,is reading,2649
at,ate,2650
cole,Cole,2651
verplaatsen,move,2652
starten,start,2653
gerechtigheid,justice,2654
onderdeel,element,2655
wijst,wage,2656
rick,Rick,2657
ls,LS,2658
afrika,Africa,2659
scheiding,parting,2660
lewis,Lewis,2661
linda,Linda,2662
nate,nate,2663
welnee,no,2664
partners,partners,2665
hoogste,high,2666
snijden,to cut,2667
soorten,types,2668
touw,rope,2669
zijde,silk,2670
ellende,trouble,2671
harvey,Harvey,2672
nep,fake,2673
joden,Jew,2674
klagen,complain,2675
zacht,soft,2676
aap,monkey,2677
won,won,2678
dringend,urgently,2679
teruggaan,going back,2680
eisen,requirements,2681
veroordeeld,convicted,2682
neerschieten,shoot down,2683
vloek,curse,2684
stijl,style,2685
smeek,grubbing,2686
rand,edge,2687
verrader,traitor,2688
tel,count,2689
romantisch,romantic,2690
zorgde,took care,2691
gordon,gordon,2692
stelletje,bunch of,2693
hersens,brain,2694
verdwijnt,disappears,2695
middelen,resources,2696
roept,calls,2697
bruce,bruce,2698
leveren,to deliver,2699
dekking,coverage,2700
onthoud,Remember,2701
hof,court,2702
toby,Toby,2703
politieke,political,2704
cheque,check,2705
schaduw,shadow,2706
kasteel,castle,2707
lagen,lay,2708
dertig,thirty,2709
branden,to burn,2710
leidde,led,2711
resultaat,result,2712
catherine,Catherine,2713
aangekomen,arrived,2714
constant,constantly,2715
hannah,Hannah,2716
waarbij,whereby,2717
wanhopig,in despair,2718
verkracht,rap,2719
jessica,Jessica,2720
winnaar,winner,2721
waardeloos,worthless,2722
merken,brands,2723
californië,California,2724
brown,brown,2725
doctor,doctor,2726
ongerust,worried,2727
snelle,fast,2728
slet,slut,2729
fiets,bicycle,2730
vocht,moisture,2731
opruimen,to clean up,2732
chief,chief,2733
ethan,ethan,2734
daaraan,there,2735
gsm,mobile,2736
gewild,wanted,2737
overeenkomst,agreement,2738
spring,jump,2739
schilderij,painting,2740
middernacht,midnight,2741
brein,brain,2742
richt,steering,2743
onbekende,unknown,2744
vervolgens,thereafter,2745
iemands,someone's,2746
fabriek,factory,2747
geschikt,fit,2748
ontspannen,relax,2749
anne,anne,2750
win,win,2751
broertje,baby brother,2752
gelopen,walked,2753
davis,Davis,2754
apparaat,device,2755
storen,to disturb,2756
handelen,to trade,2757
dwingen,force,2758
optie,option,2759
slang,snake,2760
amen,Amen,2761
student,student,2762
hoorden,heard,2763
opdagen,show up,2764
volkomen,completely,2765
makker,companion,2766
katie,katie,2767
duisternis,darkness,2768
briljant,brilliant,2769
schouder,shoulder,2770
miller,miller,2771
godzijdank,thank God,2772
lacht,laugh,2773
dwaas,foolish,2774
wachtte,waiting,2775
mac,mac,2776
verdrietig,sad,2777
bereik,reach,2778
gozer,guy,2779
gezorgd,arranged,2780
spion,spy,2781
roy,Roy,2782
wond,wound,2783
campagne,campaign,2784
boston,Boston,2785
mogelijkheden,opportunities,2786
dinsdag,Tuesday,2787
lever,liver,2788
avonds,night,2789
weggegaan,gone away,2790
verbinding,link,2791
dek,deck,2792
meegaan,go along,2793
nieuwsgierig,curious,2794
helder,bright,2795
omlaag,down,2796
borsten,breast,2797
oosten,East,2798
namelijk,namely,2799
schande,shame,2800
ondertiteling,subtitle,2801
overeen,correspondence,2802
kanten,lace,2803
warme,warm,2804
gewicht,weight,2805
bedrijven,businesses,2806
derek,the stretch,2807
stront,shit,2808
vet,Fat,2809
geschenk,gift,2810
negeren,ignore,2811
goeds,good,2812
justitie,justice,2813
sneeuw,snow,2814
aanklager,prosecutor,2815
zand,sand,2816
sport,sport,2817
besefte,realized,2818
versie,version,2819
minste,least,2820
hartaanval,heart attack,2821
bo,bos,2822
c,C,2823
as,ash,2824
illegaal,illegal,2825
vertrouwde,trusted,2826
voort,ahead,2827
varken,pig,2828
prettig,pleasant,2829
jacob,Jacob,2830
moge,may,2831
donderdag,Thursday,2832
straten,streets,2833
hout,wood,2834
bovenop,on top of,2835
etentje,dinner,2836
sindsdien,since,2837
vaste,fixed,2838
moeilijker,more difficult,2839
merk,Brand,2840
verdachten,suspect,2841
durft,dares,2842
opgegeven,gave up,2843
weggaat,leave,2844
truc,trick,2845
frankie,Frankie,2846
el,vlas,2847
wegen,weigh,2848
planten,plants,2849
pen,pen,2850
beth,beth,2851
aanwezigheid,presence,2852
stemming,mood,2853
bravo,Bravo,2854
overleefd,surviving,2855
gedurende,during,2856
magische,magical,2857
levende,living,2858
therapie,therapy,2859
geplaatst,placed,2860
grijp,grab,2861
gericht,targeted,2862
voorafging,preceded,2863
duwen,Push,2864
tip,tip,2865
sociale,social,2866
euh,uh,2867
opeten,eat,2868
daarbinnen,inside,2869
beloning,reward,2870
dapper,brave,2871
concentreren,to concentrate,2872
heleboel,a lot,2873
beschikbaar,available,2874
seksuele,sexual,2875
bezorgen,deliver,2876
koopt,buys,2877
hek,fence,2878
lois,Lois,2879
bied,bidding,2880
huidige,current,2881
on,on,2882
achterna,after,2883
verenigde,United,2884
golf,golf,2885
café,Cafe,2886
suiker,sugar,2887
lippen,lip,2888
zuurstof,oxygen,2889
gevoelig,sensitive,2890
herhaal,repeat,2891
hmm,hmm,2892
gras,grass,2893
gekwetst,hurt,2894
smerige,filthy,2895
filmen,to film,2896
daisy,Daisy,2897
tunnel,tunnel,2898
rock,rock,2899
verstandig,wise,2900
organisatie,organization,2901
voorgoed,forever,2902
families,families,2903
betwijfel,doubt,2904
meekomen,come along,2905
geruchten,rumor,2906
angeles,angeles,2907
redde,rescue,2908
doorbrengen,Spending time,2909
puur,pure,2910
stak,stuck,2911
diamanten,diamonds,2912
lading,cargo,2913
miami,Miami,2914
bevestigd,confirmed,2915
stinkt,smelly,2916
inclusief,including,2917
oudere,older,2918
verraad,treason,2919
interview,interview,2920
middel,resourse,2921
geboorte,birth,2922
nicht,niece,2923
momenten,moments,2924
podium,stage,2925
effect,effect,2926
vijftien,fifteen,2927
houding,attitude,2928
veroorzaken,cause,2929
verpleegster,nurse,2930
lig,lying,2931
bibliotheek,library,2932
schrijver,writer,2933
beloven,to promise,2934
identificeren,identify,2935
hut,hut,2936
goedenacht,good night,2937
volgend,next,2938
gecontroleerd,controlled,2939
beroemd,famous,2940
masker,mask,2941
scherp,sharp,2942
sophie,Sophie,2943
trainen,train,2944
kamers,Rooms,2945
quinn,quinn,2946
kampioen,champion,2947
graaf,count,2948
oscar,Oscar,2949
oproep,call,2950
carrie,carria,2951
achterin,in the back,2952
beters,better,2953
veroorloven,to afford,2954
helikopter,helicopter,2955
zekere,certain,2956
gelegd,laid,2957
miljard,billion,2958
vies,dirty,2959
geintje,joke,2960
uitgaan,going out,2961
weleens,sometimes,2962
bruid,bride,2963
voer,feed,2964
praatte,talks,2965
marshall,Marshall,2966
aanwijzingen,Clues,2967
nina,Nina,2968
rusland,Russia,2969
eva,Eva,2970
benzine,gasoline,2971
wegging,was removed,2972
keizer,emperor,2973
vrouwelijke,female,2974
marie,Marie,2975
vince,Vince,2976
voeden,to feed,2977
studio,studio,2978
gif,poison,2979
edward,Edward,2980
uitnodiging,invitation,2981
elena,Elena,2982
grant,grant,2983
probeerden,tried,2984
datje,that you,2985
ketting,chain,2986
schitterend,splendid,2987
velen,many,2988
zekerheid,security,2989
kliniek,clinic,2990
dylan,Dylan,2991
museum,museum,2992
handtekening,signature,2993
bevrijden,to free,2994
ramen,Windows,2995
russell,russell,2996
rechtszaak,lawsuit,2997
dokters,doctors,2998
rijd,drive,2999
kopie,copy,3000
rende,ran,3001
vampier,vampire,3002
personen,persons,3003
tieten,tits,3004
expert,expert,3005
jess,Jess,3006
feesten,celebrate,3007
white,white,3008
zegen,blessing,3009
travis,traveler,3010
rommel,rumbling,3011
mijl,mile,3012
daarbuiten,beyond,3013
opleiding,education,3014
bedenk,recall,3015
jordan,Jordan,3016
carlos,Carlos,3017
live,live,3018
beschermd,protected,3019
roze,pink,3020
legt,lays,3021
walker,walker,3022
flauw,lame,3023
gewoonlijk,usually,3024
telefoontjes,phone calls,3025
pech,bad luck,3026
grootvader,grandfather,3027
junior,junior,3028
voorzitter,chair,3029
miste,missing,3030
owen,Owen,3031
bodem,bottom,3032
gevoeld,felt,3033
repareren,to repair,3034
bewusteloos,unconscious,3035
bommen,bomb,3036
zusje,sister,3037
opname,intake,3038
pols,wrist,3039
herkennen,recognize,3040
hartslag,heartbeat,3041
hete,hot,3042
behoefte,need,3043
oorzaak,cause,3044
kiest,chooses,3045
hill,Hill,3046
brave,good,3047
centrale,central,3048
dochters,daughters,3049
bewezen,proven,3050
danken,thank,3051
gestoken,stung,3052
rat,rat,3053
koekjes,cookies,3054
weglopen,walk away,3055
leuker,nicer,3056
medisch,medical,3057
kopje,Cup,3058
gelegenheid,occasion,3059
zijne,his,3060
grenzen,border,3061
betrapt,got caught,3062
achteren,back,3063
bijeenkomst,meeting,3064
uitdaging,challenge ,3065
onderhandelen,negotiate,3066
overvallen,raids,3067
wayne,Wayne,3068
triest,sad,3069
slagen,to succeed,3070
kruis,crotch,3071
technisch,technical,3072
gooit,throws,3073
fantastische,fantastic,3074
beschermt,protected,3075
beantwoord,answered,3076
positief,positive,3077
vieze,dirty,3078
bewijst,proves,3079
brigadier,brigadier,3080
ogenblik,moment,3081
kalmeer,calm down,3082
hoogheid,highness,3083
droog,dry,3084
admiraal,admiral,3085
schaam,shame,3086
excuseren,excuse,3087
vroegen,asked,3088
kleed,dress,3089
leid,lead,3090
blake,blake,3091
maaltijd,meal,3092
gereden,driven,3093
interessante,interesting,3094
chinese,Chinese,3095
vuren,fire,3096
gezichten,faces,3097
ooh,ooh,3098
fantasie,fantasy,3099
aanpakken,tackle,3100
namens,On behalf of,3101
jeremy,Jeremy,3102
afhandelen,handle,3103
stress,stress,3104
waarschuw,warn,3105
bijbel,Bible,3106
studie,study,3107
kenny,Kenny,3108
ofwel,either,3109
kaartjes,tickets,3110
schema,scheme,3111
gelul,dowel,3112
vers,fresh,3113
biedt,offers,3114
aangeraakt,touched,3115
besteld,ordered,3116
overnemen,to take over,3117
waarderen,appreciate,3118
tranen,tears,3119
ontspan,relax,3120
geopend,open,3121
documenten,documents,3122
mammie,mommy,3123
groots,grand,3124
eventjes,momentarily,3125
boeten,bow,3126
staart,tail,3127
prettige,pleasant,3128
ondervragen,interrogate,3129
schedel,skull,3130
tijdelijk,temporary,3131
overleed,passed,3132
klinken,sound,3133
demon,demon,3134
morgenavond,tomorrow evening,3135
vergist,mistaken,3136
aanslag,scale,3137
florida,Florida,3138
proef,trial,3139
steven,steven,3140
ontstaan,originate,3141
kennelijk,apparently,3142
beslissingen,decisions,3143
sammy,Sammy,3144
vóór,for,3145
smaakt,tastes,3146
soep,soup,3147
nul,zero,3148
green,green,3149
oordeel,judgment,3150
bloeddruk,blood pressure,3151
wegkomt,gets away,3152
hoofdpijn,headache,3153
vijfde,fifth,3154
brad,brad,3155
penny,penny,3156
hieruit,from here,3157
terroristen,terrorists,3158
rekeningen,accounts,3159
pijnlijk,painful,3160
fase,phase,3161
blazen,blow,3162
teef,female dog,3163
jo,Jo,3164
bot,bone,3165
ei,egg,3166
mr.,mr.,3167
beroemde,famous,3168
chaos,chaos,3169
verbaast,surprised,3170
gedumpt,dumped,3171
tekst,text,3172
scène,scene,3173
uitzicht,prospect,3174
vooruitgang,progress,3175
maagd,virgin,3176
mevr,Mrs,3177
bijzondere,special,3178
sex,sex,3179
e-mail,e-mail,3180
lafaard,coward,3181
mei,May,3182
dodelijk,deadly,3183
ian,Ian,3184
carol,Carol,3185
geleid,led,3186
bestellen,to order,3187
plassen,to pee,3188
opgegroeid,grown up,3189
teddy,Teddy,3190
ontvoering,abduction,3191
boze,venomous,3192
affaire,affair,3193
kreng,bitch,3194
verzinnen,invent,3195
sigaret,cigarette,3196
vat,barrel,3197
diane,Diane,3198
dennis,Dennis,3199
verspreiden,to spread,3200
vullen,to fill,3201
vermogen,power,3202
realiteit,reality,3203
doodgaan,die,3204
diegene,hey,3205
betekend,means,3206
pakje,package,3207
buitenlandse,foreign,3208
telkens,every time,3209
slechter,worse,3210
verander,change,3211
promotie,promotion,3212
margaret,Margaret,3213
overstuur,upset,3214
one,one,3215
dominee,pastor,3216
keuzes,choices,3217
bekennen,confess,3218
levert,supplies,3219
williams,Williams,3220
verdwaald,strayed,3221
federale,federal,3222
kranten,newspapers,3223
patroon,cartridge,3224
relaties,relationships,3225
bedreigd,threatened,3226
matthew,Matthew,3227
wetten,law,3228
herkent,recognize,3229
boodschappen,groceries,3230
zenuwachtig,nervous,3231
koninkrijk,kingdom,3232
aanwijzing,instructions,3233
betty,Betty,3234
breek,break,3235
chinees,Chinese,3236
uitvoeren,to carry out,3237
haatte,hate,3238
vrachtwagen,truck,3239
tank,tank,3240
vanzelf,of course,3241
francis,Francis,3242
schone,prawn,3243
beschadigd,damaged,3244
marty,Marty,3245
realiseerde,realized,3246
verbranden,to burn,3247
e,e,3248
klasse,class,3249
riep,called out,3250
onbekend,unknown,3251
humor,Humour,3252
theater,theater,3253
koorts,fever,3254
overheen,across,3255
ingang,Entrance,3256
stabiel,stable,3257
riley,riley,3258
openbare,public,3259
dure,expensive,3260
maya,Maya,3261
noodgeval,emergency,3262
reageert,responds,3263
uitweg,out,3264
jennifer,Jennifer,3265
psychiater,psychiatrist,3266
gedraagt,behave,3267
datum,date,3268
correct,correct,3269
gedraag,behave,3270
nood,need,3271
wiet,weed,3272
little,little,3273
woning,home,3274
caroline,caroline,3275
betekende,meant,3276
instructies,instructions,3277
natuurlijke,natural,3278
ali,ali,3279
wonden,wound,3280
afdrukken,print,3281
netwerk,network,3282
info,info,3283
martha,Martha,3284
periode,period,3285
uitziet,looks,3286
meende,believed,3287
doorlopen,run through,3288
simpele,simple,3289
achtergrond,background,3290
bijzonders,special,3291
broeders,brothers,3292
dubbel,double,3293
afgewezen,turned down,3294
kerstfeest,Christmas,3295
lou,lou,3296
hartstikke,terribly,3297
schuur,barn,3298
veronderstel,assumption,3299
emoties,emotions,3300
achterkant,rear end,3301
schudden,to shake,3302
beschuldigd,accused,3303
kwetsen,hurt,3304
negatief,negative,3305
dick,Dick,3306
engelse,English,3307
arrestatie,arrest,3308
communicatie,communication,3309
vloog,flew,3310
nachten,night,3311
uitmaken,break up,3312
vermiste,missing,3313
hierbij,hereby,3314
hebbes,Got you,3315
allang,a long time already,3316
trappen,to kick,3317
langskomen,come,3318
coma,coma,3319
daad,deed,3320
kut,cunt,3321
knop,knob,3322
bevriend,friendly,3323
geraken,get,3324
malcolm,malcolm,3325
creëren,to create,3326
beslag,seizure,3327
artsen,doctors,3328
nancy,nancy,3329
japan,Japan,3330
logan,logan,3331
beet,bite,3332
doodsbang,terrified,3333
bewaar,keep,3334
casino,casino,3335
afschuwelijk,awful,3336
diefstal,theft,3337
legende,legend,3338
joseph,Joseph,3339
grot,cave,3340
proeven,taste,3341
gesprekken,conversations,3342
grijpen,grab,3343
oppakken,picking up,3344
terugtrekken,to withdraw,3345
bart,Bart,3346
applaus,applause,3347
zoenen,to kiss,3348
toren,tower,3349
eeuwen,centuries,3350
eigendom,property,3351
verschrikkelijke,terrible,3352
criminelen,criminals,3353
bood,bidding,3354
verplicht,obligated,3355
zieke,sick,3356
beweert,claims,3357
strafblad,criminal record,3358
hollywood,Hollywood,3359
voorbereiden,to prepare,3360
vijftig,fifty,3361
zone,zone,3362
loslaten,letting go,3363
casey,casey,3364
connor,connor,3365
portemonnee,wallet,3366
audrey,Audrey,3367
longen,lung,3368
ingehuurd,hired,3369
meegebracht,brought along,3370
gebrek,lack,3371
ruilen,exchange,3372
mankeert,mank,3373
zwakke,weak,3374
aantrekkelijk,attractive,3375
verplaatst,moved,3376
albert,Albert,3377
no,no,3378
uitgeschakeld,turned off,3379
vliegtuigen,airplanes,3380
spencer,spencer,3381
tja,well,3382
dronk,drank,3383
riskeren,risk,3384
weghalen,remove,3385
passie,passion,3386
kandidaat,candidate,3387
smeerlap,bastard,3388
sigaretten,cigarettes,3389
toont,shows,3390
serie,series,3391
status,status,3392
voorzien,to provide,3393
mooier,more beautiful,3394
rit,ride,3395
bescherm,protected,3396
discussie,discussion,3397
medicijn,medicine,3398
booth,booth,3399
rijbewijs,drivers license,3400
miles,miles,3401
televisie,television,3402
meld,report,3403
verzonnen,made up,3404
h,H,3405
aangeboden,offered,3406
ellen,Ellen,3407
ministerie,ministry,3408
daden,deeds,3409
krankzinnig,insane,3410
populair,popular,3411
whoa,WHOA,3412
allison,allison,3413
indianen,native Americans,3414
verzekering,insurance,3415
virginia,Virginia,3416
koelkast,refridgerator,3417
duistere,dark,3418
pest,plague,3419
lemand,Lemand,3420
overgeven,throwing up,3421
arresteer,arrest,3422
nut,usefulness,3423
stervende,dying,3424
ondergoed,underwear,3425
euro,euro,3426
incident,incident,3427
zing,sing,3428
mijzelf,myself,3429
homer,homer,3430
commentaar,commentary,3431
ervaren,to experience,3432
doorzoeken,search,3433
vak,field,3434
vriendjes,friends,3435
dorst,thirst,3436
koe,cow,3437
tenslotte,and last but not least,3438
vandaar,there,3439
jonger,younger,3440
flinke,good,3441
check,check,3442
titel,title,3443
privacy,privacy,3444
heelal,universe,3445
verspillen,waste,3446
justin,Justin,3447
speelgoed,toys,3448
bonnie,Bonnie,3449
dagboek,diary,3450
voorwaarden,requirements,3451
gemerkt,marked,3452
tape,tape,3453
hol,hollow,3454
bewustzijn,Awareness,3455
evan,Evan,3456
aaron,Aaron,3457
vlag,flag,3458
werkten,worked,3459
moderne,modern,3460
rollen,roll,3461
angel,angel,3462
gespannen,stretched,3463
terugkeren,return,3464
crisis,crisis,3465
zoektocht,quest,3466
emotioneel,emotional,3467
overkant,other side,3468
premier,Prime Minister,3469
harris,Harris,3470
greep,grip,3471
eenheden,units,3472
beseft,realize,3473
rechtstreeks,directly,3474
love,love,3475
weigeren,refuse,3476
avontuur,adventure,3477
lust,lust,3478
tevoorschijn,appear,3479
roman,novel,3480
glimlach,smile,3481
groeit,grows,3482
ras,breed,3483
amerikaan,American,3484
plat,flat,3485
goedkoop,cheap,3486
strak,tight,3487
spanning,tension,3488
inbraak,burglary,3489
karakter,character,3490
opzet,set -up,3491
lessen,classes,3492
college,college,3493
boy,boy,3494
ernstige,severe,3495
geweren,guns,3496
island,Island,3497
todd,Todd,3498
verlegen,shy,3499
toestaan,allow,3500
paspoort,passport,3501
county,County,3502
vleugels,wings,3503
madame,madame,3504
juni,June,3505
snoep,candy,3506
apart,separate,3507
italië,Italy,3508
oudste,eldest,3509
liam,Liam,3510
uitschakelen,Switch off,3511
voertuig,vehicle,3512
kostte,cost,3513
Eylül,Eylül,3514
ron,Ron,3515
jochie,kid,3516
link,link,3517
puinhoop,mess,3518
agenda,agenda,3519
steekt,sticks,3520
nazi,Nazi,3521
spraken,spoke,3522
leonard,Leonard,3523
chirurg,surgeon,3524
jee,jee,3525
mochten,allowed,3526
misdaden,crimes,3527
brachten,brought,3528
bekentenis,confession,3529
laptop,Laptop,3530
vergeleken,compared,3531
diepe,deep,3532
stukjes,pieces,3533
robot,robot,3534
nuttig,useful,3535
uitslag,rash,3536
zout,salt,3537
ratten,rats,3538
slimmer,smarter,3539
afval,waste,3540
murphy,Murphy,3541
wendy,Wendy,3542
gebeurtenissen,events,3543
temperatuur,temperature,3544
bemoei,excuse,3545
ongelukkig,unhappy,3546
bezocht,visited,3547
financiële,financial,3548
tijdstip,time of day,3549
overste,superior,3550
verbergt,hidden,3551
drukken,to press,3552
snappen,understanding,3553
knuffel,Hug,3554
diensten,services,3555
erdoor,through,3556
betekenis,meaning,3557
veiliger,safer,3558
aard,earth,3559
opgegeten,eaten,3560
gevolg,consequence,3561
moedig,brave,3562
duke,Duke,3563
teruggekomen,came back,3564
eli,Eli,3565
paige,paige,3566
loon,wage,3567
frisse,fresh,3568
daarboven,up there,3569
herkende,recognized,3570
lelijke,ugly,3571
ruth,Ruth,3572
woensdag,Wednesday,3573
handig,useful,3574
harold,Harold,3575
fortuin,fortune,3576
nicole,Nicole,3577
vrijgelaten,released,3578
ashley,Ashley,3579
journalist,journalist,3580
vielen,fell,3581
wennen,get used to,3582
megan,Megan,3583
bleven,continued,3584
ambassadeur,ambassador,3585
acteur,actor,3586
geslaagd,successful,3587
hing,hung,3588
computers,computers,3589
francisco,Francisco,3590
schoonmaken,to clean,3591
mickey,Mickey,3592
snelweg,motorway,3593
plastic,plastic,3594
experiment,experiment,3595
monica,Monica,3596
morgenvroeg,tomorrow early,3597
undercover,undercover,3598
commando,command,3599
gekleed,dressed,3600
star,rigid,3601
gemak,ease,3602
overleeft,surviving,3603
boss,boss,3604
eerwaarde,honor,3605
motel,motel,3606
long,lung,3607
tweeling,twin,3608
draak,dragon,3609
schakel,link,3610
diana,Diana,3611
stephen,Stephen,3612
favoriet,favorite,3613
heten,to be named,3614
officiële,official,3615
legde,laid,3616
zusters,sisters,3617
kooi,cage,3618
opgehangen,hung up,3619
beheersen,control,3620
demonen,demons,3621
drankjes,drinks,3622
wetenschappers,scientists,3623
concert,concert,3624
vermijden,to avoid,3625
irak,Iraq,3626
katten,cats,3627
kwetsbaar,vulnerable,3628
kleuren,colors,3629
raket,rocket ship,3630
mitch,mitch,3631
straffen,to punish,3632
bestuur,management,3633
verloofd,engaged,3634
zonden,sin,3635
verspreid,Scattered,3636
draaide,rotated,3637
heerlijke,lovely,3638
mason,mason,3639
india,India,3640
augustus,August,3641
cadeautje,gift,3642
centimeter,centimeter,3643
contant,in cash,3644
testament,testament,3645
meesten,most,3646
juli,July,3647
waanzin,madness,3648
gedroomd,dreamed,3649
handschoenen,gloves,3650
zender,transmitter,3651
wreed,cruel,3652
pappa,daddy,3653
eerlijke,fair,3654
rotzak,bang,3655
jules,Jules,3656
mysterie,mystery,3657
symbool,symbol,3658
tess,tess,3659
profiel,profile,3660
opties,option,3661
traditie,tradition,3662
schulden,debt,3663
hup,huck,3664
waag,waard,3665
go,go,3666
massa,mass,3667
gewonden,wounded,3668
ontkennen,to deny,3669
getrokken,drawn,3670
bezet,occupied,3671
opgevoed,raised,3672
lincoln,Lincoln,3673
verkeer,traffic,3674
knie,knee,3675
heuvel,hill,3676
bid,prayer,3677
verdwijn,disappear,3678
accepteer,accept,3679
liz,Liz,3680
timing,timing,3681
slechtste,worst,3682
crane,crane,3683
penis,penis,3684
benieuwd,curious,3685
steden,towns,3686
aangeven,to indicate,3687
uitkomen,Hatch,3688
glazen,glass,3689
hitte,heat,3690
set,set,3691
maling,grinding,3692
victoria,Victoria,3693
wade,wade,3694
ton,tons,3695
mm,mm,3696
chocolade,chocolate,3697
bedrogen,cheated,3698
brandstof,fuel,3699
verwoest,destroyed,3700
verf,paint,3701
k,k,3702
hector,Hector,3703
munitie,ammunition,3704
paleis,palace,3705
werkelijkheid,reality,3706
yo,yo,3707
zoe,so,3708
gewapend,armed,3709
gekost,cost,3710
nelson,Nelson,3711
toespraak,speech,3712
recept,recipe,3713
helden,heroes,3714
enthousiast,enthusiastic,3715
scherm,screen,3716
goedemiddag,good afternoon,3717
gele,yellow,3718
actief,active,3719
politieagent,police officer,3720
kleiner,smaller,3721
raymond,Raymond,3722
joch,kid,3723
lokken,to lure,3724
oefening,practice,3725
harper,harper,3726
road,road,3727
varen,sail,3728
kwart,quarter,3729
commissie,Commission,3730
stiekem,secretly,3731
afsluiten,shut down,3732
inpakken,packing up,3733
bewaard,preserved,3734
neil,neil,3735
winkelen,shop,3736
beesten,animals,3737
vrijen,making out,3738
techniek,Technic,3739
brandt,burns,3740
lane,lane,3741
mobiele,mobile,3742
luisterde,listened,3743
interne,internal,3744
toegestaan,Allowed,3745
hall,hall,3746
beleefd,polite,3747
stanley,Stanley,3748
blok,block,3749
zielen,soul,3750
keith,Keith,3751
generatie,generation,3752
verlangen,desire,3753
jean,jean,3754
revolutie,revolution,3755
pastoor,pastor,3756
drama,drama,3757
maal,meal,3758
laden,load,3759
moeilijkheden,difficulties,3760
bedrag,amount,3761
aandelen,shares,3762
bevallen,to give birth,3763
willie,Willie,3764
schoft,bastard,3765
lawaai,noise,3766
eeuwige,eternal,3767
uzelf,yourself,3768
alicia,Alicia,3769
attentie,attention,3770
plant,plant,3771
staren,stare,3772
christian,Christian,3773
konijn,rabbit,3774
beroofd,robusted,3775
zussen,sisters,3776
huren,hire,3777
misdrijf,crime,3778
clay,clay,3779
overlijden,passing away,3780
doodgeschoten,shot,3781
toekomstige,future,3782
procedure,procedure,3783
trouwde,married,3784
douchen,shower,3785
stierven,died,3786
tina,Tina,3787
jongetje,boy,3788
gokken,gamble,3789
thanksgiving,Thanksgiving,3790
beweeg,move,3791
duiken,to dive,3792
shane,Shane,3793
kindje,baby,3794
fruit,fruit,3795
bevroren,frozen,3796
erbuiten,out,3797
sloot,ditch,3798
steelt,steal,3799
berlijn,Berlin,3800
grappen,joke,3801
vloot,fleet,3802
uiterlijk,appearance,3803
verhuisd,moved,3804
spanje,Spain,3805
carla,Carla,3806
norman,Norman,3807
doof,deaf,3808
alexander,Alexander,3809
mitchell,mitchell,3810
terugbrengen,return,3811
schamen,embarrass,3812
machtige,mighty,3813
all,all,3814
tempel,Temple,3815
walt,Walt,3816
volwassenen,adults,3817
holly,Holly,3818
wetenschapper,scientist,3819
weduwe,widow,3820
kanaal,channel,3821
gemeld,reported,3822
watje,wimp,3823
dient,must,3824
speech,speech,3825
goedendag,good day,3826
versterking,strengthening,3827
voorraad,stock,3828
legaal,legal,3829
bevat,contains,3830
dollars,dollars,3831
korporaal,corporal,3832
overwegen,consider,3833
vee,cattle,3834
metro,subway,3835
afhankelijk,dependent,3836
weigerde,refused,3837
ricky,Ricky,3838
speler,player,3839
gereedschap,tools,3840
mcgee,McGee,3841
misbruik,abuse,3842
besproken,discussed,3843
aflevering,episode,3844
chip,chip,3845
barbara,Barbara,3846
anthony,anthony,3847
mobieltje,cell phone,3848
santa,Santa,3849
japanse,Japanese,3850
reclame,commercial break,3851
combinatie,combination,3852
behouden,retain,3853
durven,to dare,3854
gebouwen,buildings,3855
goedmaken,make up,3856
philip,Philip,3857
verkrachting,rape,3858
jersey,Jersey,3859
pure,pure,3860
weggelopen,walked away,3861
opgeblazen,blown up,3862
getraind,trained,3863
illegale,illegal,3864
website,website,3865
firma,company,3866
bloeden,bleed,3867
schop,shovel,3868
wiskunde,math,3869
originele,original,3870
ann,Ann,3871
verwondingen,injuries,3872
nest,nest,3873
kostuum,costume,3874
hoofdinspecteur,chief inspector,3875
meg,meg,3876
standaard,standard,3877
zochten,sought,3878
stok,stick,3879
blaas,bladder,3880
gloria,gloria,3881
batman,batman,3882
weigert,refuses,3883
time,time,3884
afspreken,to agree,3885
hoofdkwartier,headquarters,3886
heroïne,heroin,3887
gus,gus,3888
bossen,forest,3889
julian,Julian,3890
verzeker,insure,3891
rex,rex,3892
zenuwen,nerve,3893
vermoeden,suspect,3894
noah,Noah,3895
jonathan,Jonathan,3896
hoofdstuk,chapter,3897
symptomen,symptoms,3898
samantha,Samantha,3899
plekje,spot,3900
bemoeien,to interfere,3901
kern,core,3902
b.,b.,3903
behandelt,treats,3904
bagage,luggage,3905
gehele,whole,3906
bay,Bay,3907
castle,Castle,3908
voorgesteld,suggested,3909
jasje,jacket,3910
begrip,concept,3911
sowieso,anyway,3912
braaf,Well behaved,3913
opsluiten,lock up,3914
gij,you,3915
misverstand,misunderstanding,3916
damon,Damon,3917
laarzen,boots,3918
dutch,Dutch,3919
uitgevoerd,executed,3920
borg,deposit,3921
doodsoorzaak,cause of death,3922
football,football,3923
bevrijd,liberated,3924
gewoonte,habit,3925
nederlandse,Dutch,3926
cirkel,circle,3927
moordwapen,murder weapon,3928
telefoons,Phones,3929
boeren,farmers,3930
gerucht,rumor,3931
bijten,to bite,3932
stone,stone,3933
explosieven,explosives,3934
motoren,engines,3935
heather,Heather,3936
miranda,Miranda,3937
opzetten,Setting up,3938
trekker,tractor,3939
vermoed,suspicion,3940
von,von,3941
internationale,International,3942
lesje,lesson,3943
blue,blue,3944
wegkomen,getting away,3945
flikker,flicker,3946
collins,collins,3947
craig,Craig,3948
lager,lower,3949
schoppen,kick,3950
fans,fans,3951
opereren,to operate,3952
borrel,a drink,3953
noemden,called,3954
vanessa,Vanessa,3955
seth,seth,3956
kok,cook,3957
dozen,Boxes,3958
hoeren,whore,3959
broodje,sandwich,3960
zingt,sings,3961
dieper,deeper,3962
halloween,Halloween,3963
diego,Diego,3964
toestel,aircraft,3965
happy,happy,3966
belangrijks,important,3967
hogere,higher,3968
stevig,firm,3969
hoeveelheid,amount of,3970
waaraan,to which,3971
hufter,bastard,3972
ontworpen,designed,3973
dankjewel,thank you,3974
mamma,mamma,3975
rots,rock,3976
boer,farmer,3977
buurman,neighbour,3978
bouw,build,3979
versieren,decorate,3980
trevor,Trevor,3981
ontploffen,explode,3982
ochtends,in the morning,3983
make-up,makeup,3984
dumpen,to dump,3985
gisterenavond,yesterday evening,3986
gevuld,stuffed up,3987
klacht,complaint,3988
bestond,existed,3989
dodelijke,deadly,3990
strategie,strategy,3991
volhouden,to persevere,3992
begaan,to commit,3993
das,tie,3994
informant,informant,3995
verwerken,process,3996
trouwt,gets married,3997
halt,halt,3998
auditie,audition,3999
randy,Randy,4000
lijdt,suffer,4001
canada,Canada,4002
draad,wire,4003
ertoe,or,4004
south,South,4005
uitgeput,exhausted,4006
pikken,peck,4007
ellie,Ellie,4008
ruimen,strike,4009
inzet,stake,4010
haren,hair,4011
slaaf,slave,4012
tara,Tara,4013
schreeuw,shout,4014
koninklijke,royal,4015
lage,low,4016
liepen,walked,4017
bewerkt,edited,4018
concentreer,concentrate,4019
zaal,room,4020
jarig,birthday,4021
grapjes,jokes,4022
piano,piano,4023
finn,Finn,4024
ontwikkeld,developed,4025
ronnie,Ronnie,4026
l.a.,la.,4027
kou,cold,4028
vaardigheden,skills,4029
gestraft,punished,4030
omdraaien,turn around,4031
besmet,contaminated,4032
spoedig,rapidly,4033
beurs,scholarship,4034
schietpartij,shooting,4035
opblazen,to blow up,4036
up,up,4037
vergiftigd,poisoned,4038
leerling,pupil,4039
algemeen,generally,4040
zonen,sons,4041
ongemakkelijk,uncomfortable,4042
indien,if,4043
prooi,prey,4044
bevindt,in,4045
aankomt,arrives,4046
uitgang,Exit,4047
jongedame,young lady,4048
goedkope,cheap,4049
bewaking,monitoring,4050
franklin,Franklin,4051
by,by,4052
huil,cry,4053
kurt,curt,4054
lauren,Lauren,4055
barney,Barney,4056
klimmen,to climb,4057
Kasım,Kasım,4058
uitkomt,comes out,4059
spelers,players,4060
bijt,bite,4061
schreeuwde,screaming,4062
professionele,professional,4063
bestanden,files,4064
joan,Joan,4065
voordeur,front door,4066
slaven,slave,4067
dana,Dana,4068
regelmatig,regularly,4069
mysterieuze,mysterious,4070
doorgeven,pass along,4071
modder,mud,4072
ned,Ned,4073
kroon,Crown,4074
maffia,mafia,4075
functie,function,4076
verward,confused,4077
veranderingen,changes,4078
sectie,section,4079
vreugde,joy,4080
serieuze,serious,4081
nuchter,sober,4082
typisch,typical,4083
rechtszaal,courtroom,4084
overdreven,overdone,4085
beu,sick of,4086
buitenaardse,alien,4087
vergelijken,to compare,4088
gabriel,Gabriel,4089
nagels,nails,4090
neal,Neal,4091
melissa,Melissa,4092
mel,mel,4093
louise,Louise,4094
telefoonnummer,telephone number,4095
snij,cut,4096
rory,Rory,4097
droomde,dream,4098
zeep,soap,4099
accent,accent,4100
gefaald,failed,4101
drieën,three,4102
werknemers,employees,4103
krachtig,powerful,4104
cliënten,clients,4105
geneukt,fucked,4106
bronnen,sources,4107
zelden,seldom,4108
falen,to fail,4109
congres,Congress,4110
verlof,leave of absence,4111
stefan,Stefan,4112
secretaresse,secretary,4113
schouders,shoulders,4114
that,That,4115
christopher,Christopher,4116
afleiding,distraction,4117
schakelen,switch,4118
gestoorde,disturbed,4119
jungle,jungle,4120
juwelen,jewellery,4121
felix,Felix,4122
riem,Belt,4123
geleefd,lived,4124
oproepen,to call to action,4125
schoen,shoe,4126
colin,Colin,4127
opgevallen,noticed,4128
phoebe,Phoebe,4129
herhalen,to repeat,4130
relax,relaxed,4131
exact,exactly,4132
enge,scary,4133
caesar,Caesar,4134
alison,Alison,4135
avenue,avenue,4136
troost,consolation,4137
aangeklaagd,sued,4138
shaw,shaw,4139
verre,far -reaching,4140
hakken,Heels,4141
gewapende,armed,4142
oktober,October,4143
uniek,unique,4144
professioneel,professional,4145
recente,recent,4146
duw,push,4147
cocaïne,cocaine,4148
opsporen,track down,4149
lek,leak,4150
ralph,Ralph,4151
cellen,cell,4152
teams,teams,4153
allemachtig,good Lord,4154
kenden,know,4155
voetbal,football,4156
achternaam,last name,4157
levenslang,lifetime,4158
defensie,defence,4159
bond,union,4160
turner,gymnast,4161
curtis,Curtis,4162
earl,earl,4163
afghanistan,Afghanistan,4164
opent,opens,4165
parkeerplaats,parking spot,4166
grazen,graze,4167
ambassade,embassy,4168
verdragen,treaties,4169
simpson,Simpson,4170
bloem,flower,4171
vrijwillig,voluntarily,4172
geobsedeerd,obsessed,4173
pierce,pierce,4174
pleegde,committed,4175
bloedt,bleeding,4176
lets,litry,4177
regelt,arranges,4178
aanvaard,accepted,4179
kalmeren,to calm down,4180
hersteld,recovered,4181
veronica,veronica,4182
tijger,Tiger,4183
monsieur,monsieur,4184
overeind,upright,4185
karl,Karl,4186
klop,pat,4187
wenst,wish,4188
brooke,brooke,4189
stille,quiet,4190
spaans,Spanish,4191
terugkwam,returned,4192
pet,cap,4193
bud,buddy,4194
kleintje,Shorty,4195
kwartier,quarter,4196
amerikaans,American,4197
rita,Rita,4198
doorgaat,continues,4199
verblijf,residence,4200
script,script,4201
sandra,sandra,4202
chase,chase,4203
innemen,to take,4204
tekort,shortage,4205
ritje,ride,4206
porno,porn,4207
vrouwtje,female,4208
tof,cool,4209
streng,strict,4210
grootmoeder,grandmother,4211
britten,British,4212
clown,clown,4213
loyaliteit,loyalty,4214
ln,ln,4215
zweet,sweat,4216
cultuur,culture,4217
tiener,teenager,4218
wijf,female,4219
doorstaan,to endure,4220
gina,gina,4221
tracy,tracy,4222
drijven,to conduct,4223
plots,suddenly,4224
verhouding,ratio,4225
geladen,charged,4226
totale,total,4227
fransen,French,4228
respecteren,to respect,4229
doorzocht,searched,4230
beledigd,insulted,4231
gebeten,bitten,4232
verstop,hidden,4233
coördinaten,coordinates,4234
complete,complete,4235
beleid,policy,4236
detail,detail,4237
wallace,wallace,4238
apparatuur,equipment,4239
achterhalen,track down,4240
voortdurend,continual,4241
scholen,schools,4242
traceren,trace,4243
praktijk,practice,4244
bewijsmateriaal,evidence,4245
smeris,score,4246
seksueel,sexual,4247
klappen,clap,4248
keken,looked,4249
verstaan,understand,4250
troon,throne,4251
elkaars,each other's,4252
verrassen,to surprise,4253
bedank,thank,4254
kwijtgeraakt,lost,4255
warren,boot,4256
liefst,sweetest,4257
for,for,4258
se,sequence,4259
bevolking,population,4260
verbeteren,improve,4261
trauma,trauma,4262
elektrische,electric,4263
cowboy,cowboy,4264
engelen,angel,4265
stuart,stuart,4266
bitch,Bitch,4267
salaris,salary,4268
voortaan,from now on,4269
bruin,brown,4270
emotionele,emotional,4271
blank,White,4272
lamp,lamp,4273
district,district,4274
vermoorde,murdered,4275
arrest,judgment,4276
bishop,bishop,4277
elliot,elliot,4278
stoer,cool,4279
verklaar,explain,4280
banen,job,4281
lente,spring,4282
palmer,palmer,4283
geniaal,genial,4284
beëindigen,to end,4285
achteraan,at the back,4286
dekken,cover,4287
lake,lake,4288
onbeleefd,impolite,4289
bestand,file,4290
machines,machines,4291
radar,radar,4292
anderson,Anderson,4293
extreem,extreme,4294
ingebroken,broke into,4295
militair,military,4296
gebruikten,used,4297
morgens,in the morning,4298
getuigenis,testimony,4299
bod,bidding,4300
gebakken,fried,4301
stapel,pile,4302
jen,jen,4303
misselijk,nauseous,4304
front,front,4305
bingo,bingo,4306
wolven,wolves,4307
plaat,plate,4308
rob,Rob,4309
paus,Pope,4310
overdag,during the day,4311
sandy,Sandy,4312
beschuldigen,to blame,4313
lex,lex,4314
getest,tested,4315
treffen,find,4316
succesvol,successful,4317
opening,opening,4318
terrorist,terrorist,4319
dale,Dale,4320
heksen,witch,4321
politiebureau,police station,4322
beroven,to rob,4323
schaal,Scale,4324
reageerde,responded,4325
ontsnapte,escaped,4326
verschijnen,to appear,4327
janet,Janet,4328
maart,March,4329
nicky,Nicky,4330
insecten,insect,4331
schok,shock,4332
zeldzaam,rare,4333
sydney,Sydney,4334
ford,Ford,4335
seattle,Seattle,4336
kritiek,criticism,4337
smeken,to beg,4338
put,well,4339
superman,superman,4340
ontbreekt,is missing,4341
vietnam,Vietnam,4342
bijeen,together,4343
besparen,to spare,4344
naaien,sew,4345
offer,quotation,4346
mia,Mia,4347
naomi,Naomi,4348
autopsie,autopsy,4349
manny,manny,4350
zowat,just about,4351
sebastian,Sebastian,4352
eve,Eve,4353
verse,fresh,4354
zwaartekracht,gravity,4355
vanwaar,from what,4356
stevie,stevie,4357
helm,helmet,4358
jill,Jill,4359
gesneden,cut,4360
sue,Sue,4361
regent,is raining,4362
verhoor,interrogation,4363
riskant,risky,4364
dieven,thieves,4365
leerlingen,pupils,4366
natalie,Natalie,4367
inzetten,Bet,4368
opstand,revolt,4369
schild,shield,4370
sukkels,losers,4371
zinloos,meaningless,4372
versta,understand,4373
mannelijke,male,4374
verkiezingen,elections,4375
fysiek,physically,4376
paradijs,paradise,4377
actrice,actress,4378
jager,Hunter,4379
leiders,leaders,4380
katherine,katherine,4381
staf,staff,4382
aanklagen,to sue,4383
toezicht,supervision,4384
geluisterd,listened,4385
lichte,light,4386
activiteiten,activities,4387
nutteloos,useless,4388
apen,monkeys,4389
moskou,Moscow,4390
sokken,sock,4391
opgezet,set,4392
bailey,Bailey,4393
onzichtbaar,invisible,4394
echo,echo,4395
wonderen,miracles,4396
luid,loud,4397
straling,radiation,4398
jenna,Jenna,4399
beseffen,to realize,4400
nichtje,niece,4401
boeien,fascinate,4402
behoort,belongs,4403
charmant,charming,4404
planeten,planets,4405
daag,bye,4406
verslaafd,addicted,4407
voorkeur,preference,4408
genaaid,sewn,4409
vredesnaam,peace,4410
kwade,evil,4411
brandon,Brandon,4412
noodzakelijk,necessary,4413
vic,vic,4414
gebeden,pray,4415
tovenaar,wizard,4416
prijzen,Prices,4417
gemene,unemployed,4418
le,le,4419
ontwikkelen,develop,4420
boyd,boyd,4421
ademt,breathe,4422
stapte,stepped,4423
technische,technical,4424
dawson,Dawson,4425
praktisch,practically,4426
circus,circus,4427
ongeval,accident,4428
teruggeven,return,4429
protocol,protocol,4430
schut,fantastic,4431
biologische,biological,4432
duidelijkheid,clarity,4433
rondje,round,4434
checken,check,4435
ai,ai,4436
doordat,because,4437
blair,blair,4438
bruine,brown,4439
klaarmaken,prepare,4440
leed,sorrow,4441
marge,margin,4442
schijn,appearance,4443
brooklyn,Brooklyn,4444
infectie,infection,4445
zack,zack,4446
dagelijks,daily,4447
voert,feeds,4448
mislukt,failed,4449
duits,German,4450
stapt,steps,4451
daarnet,just like that,4452
bedekt,covered,4453
becky,Becky,4454
opwindend,exciting,4455
zogenaamde,so-called,4456
baker,baker,4457
ogenblikje,just a moment,4458
amber,amber,4459
autoriteiten,authorities,4460
medicatie,medication,4461
ontploft,explodes,4462
contacten,contacts,4463
operaties,operations,4464
manhattan,Manhattan,4465
raketten,missiles,4466
prioriteit,priority,4467
special,special,4468
intelligent,intelligent,4469
lawrence,Lawrence,4470
therapeut,therapist,4471
huilt,cries,4472
koper,buyer,4473
vervloekt,accursed,4474
tegenstander,opponent,4475
au,au,4476
satelliet,satellite,4477
afnemen,to decrease,4478
uitleg,explanation,4479
kofferbak,trunk,4480
fascinerend,fascinating,4481
grand,grand,4482
service,service,4483
schuilplaats,hideout,4484
schilderen,Paint,4485
mekaar,eachother,4486
boekje,booklet,4487
hope,hop,4488
kruipen,crawl,4489
tempo,pace,4490
depressief,depressed,4491
huisje,house,4492
cameron,cameron,4493
shock,shock,4494
joodse,Jewish,4495
afgeleid,derived,4496
product,product,4497
passagiers,passengers,4498
aanpassen,To adjust,4499
paranoïde,paranoid,4500
uitmaakt,Makes,4501
ongetwijfeld,doubtless,4502
aankwam,arrived,4503
overlevenden,survivors,4504
bestemming,destination,4505
gewelddadig,violent,4506
winkelcentrum,mall,4507
doyle,Doyle,4508
sparen,save,4509
spreuk,spell,4510
papierwerk,paperwork,4511
burke,Burke,4512
tandarts,dentist,4513
analyse,analysis,4514
menigte,crowd,4515
baard,beard,4516
oppas,babysit,4517
goeiemorgen,Good morning,4518
ceremonie,ceremony,4519
omgekomen,died,4520
bakken,baking,4521
kennedy,Kennedy,4522
officieren,officers,4523
verknald,upset,4524
vrijwel,virtually,4525
hanna,Hanna,4526
vergif,poison,4527
mariniers,Marines,4528
scan,scan,4529
tenen,toes,4530
tegelijkertijd,at the same time,4531
gene,gene,4532
beschrijven,to describe,4533
daphne,daphne,4534
beach,Beach,4535
shawn,Shawn,4536
east,East,4537
eenzame,lonely,4538
chips,potato chips,4539
grootte,size,4540
freddy,Freddy,4541
verrot,rotten,4542
gezonde,healthy,4543
luxe,luxury,4544
pijp,pipe,4545
caleb,Caleb,4546
duncan,Duncan,4547
afgenomen,decreased,4548
nikki,Nikki,4549
huilde,crying,4550
vampiers,vampires,4551
speelden,played,4552
am,am,4553
bekijkt,view,4554
veertig,forty,4555
terugkeer,return,4556
oprecht,sincere,4557
maten,sizes,4558
gelegen,convenient,4559
verzekeren,to ensure,4560
vergunning,permit,4561
geschorst,suspended,4562
werelden,worlds,4563
geleend,borrowed,4564
alvast,already,4565
pil,pill,4566
beschermde,protected,4567
oppassen,to watch out,4568
egoïstisch,selfish,4569
serena,Serena,4570
uitnodigen,to invite,4571
nucleaire,nuclear,4572
verklaard,explained,4573
winston,Winston,4574
ofzo,or so,4575
minuutje,minute,4576
uitstappen,to get off,4577
your,Your,4578
dadelijk,immediately,4579
noord,north,4580
vastgebonden,tied,4581
graham,graham,4582
woody,Woody,4583
italiaanse,Italian,4584
eikels,acorns,4585
hunter,Hunter,4586
gijzelaars,hostage,4587
mazzel,luck,4588
blinde,blind,4589
lost,unloading,4590
lijkschouwer,coroner,4591
naald,needle,4592
vreemden,strangers,4593
koeien,cows,4594
pan,pan,4595
heilig,holy,4596
sterkste,strongest,4597
leon,leon,4598
lukte,succeeded,4599
wachtwoord,password,4600
wyatt,wyatt,4601
patty,patty,4602
instinct,instinct,4603
harrison,Harrison,4604
beperkt,limited,4605
hamer,hammer,4606
bewaken,to guard,4607
slaag,cad,4608
adams,Adams,4609
leeuw,lion,4610
wisselen,to switch,4611
metaal,metal,4612
creditcard,credit card,4613
jarenlang,years,4614
troy,Troy,4615
staal,steel,4616
chemische,chemical,4617
x,X,4618
zeuren,to moan,4619
sector,sector,4620
vreemds,strange,4621
rondlopen,walk around,4622
rosie,rosie,4623
gênant,embarrassing,4624
acties,actions,4625
tuig,rig,4626
genoten,enjoyed,4627
toast,toast,4628
getroffen,affected,4629
zach,zach,4630
herinnerde,remembered,4631
reeds,already,4632
tegenstelling,contrast,4633
gekken,fool,4634
transport,transport,4635
communiceren,to communicate,4636
koppig,stubbornly,4637
benny,Benny,4638
clyde,Clyde,4639
deken,blanket,4640
doelen,goals,4641
hobby,hobby,4642
lening,loan,4643
schei,crack,4644
vroege,early,4645
rebellen,rebel,4646
natie,nation,4647
figuur,figure,4648
nakijken,check,4649
buck,buck,4650
redding,rescue,4651
kirk,kirk,4652
alhoewel,although,4653
verbazingwekkend,astonishing,4654
kira,Kira,4655
beschouw,conscious,4656
bell,Bell,4657
atmosfeer,atmosphere,4658
lachte,laughs,4659
id,idle,4660
twijfelen,doubt,4661
examen,exam,4662
aantrekken,attract,4663
jagers,hunters,4664
kalkoen,Turkey,4665
huwelijksreis,honeymoon,4666
elektriciteit,electricity,4667
marco,Marco,4668
steeg,alley,4669
wodka,vodka,4670
warmte,heat,4671
verdere,further,4672
kwaliteit,quality,4673
uitstekende,excellent,4674
be,be,4675
rotsen,rock,4676
watson,Watson,4677
tragedie,tragedy,4678
haley,Haley,4679
doorgebracht,spent,4680
pat,pat,4681
politieman,police officer,4682
simply,simply,4683
koppel,couple,4684
tumor,tumor,4685
appel,Apple,4686
Oca,OCA,4687
christine,Christine,4688
treden,step,4689
wolken,clouds,4690
donald,Donald,4691
gevlucht,escaped,4692
stam,tribe,4693
straal,Ray,4694
liedjes,songs,4695
dwong,forage,4696
poten,legs,4697
afvragen,questioning,4698
uitgevonden,invented,4699
gitaar,guitar,4700
verzin,might,4701
terugbellen,call back,4702
kletsen,to chatter,4703
Aralık,Aralık,4704
uitzondering,exception,4705
plaatselijke,local,4706
trui,sweater,4707
organiseren,organize,4708
compliment,compliment,4709
minnaar,lover,4710
enterprise,enterprise,4711
kudde,herd,4712
hierna,after this,4713
neuk,fuck,4714
nora,nora,4715
adviseur,counselor,4716
em,em,4717
opgehaald,fetched,4718
zesde,sixth,4719
aankan,can,4720
muis,mouse,4721
lieveling,Darling,4722
respecteer,respect,4723
spieren,muscles,4724
haak,hook,4725
aangetrokken,attracted,4726
violet,violet,4727
world,world,4728
wijsheid,wisdom,4729
herstel,repair,4730
nachtmerries,nightmares,4731
connectie,connection,4732
cam,cam,4733
gehoopt,hoped,4734
ticket,ticket,4735
eenvoudige,simple,4736
blanken,whites,4737
harten,heart,4738
verzorgen,to nurse,4739
gedicht,poem,4740
inzien,see,4741
freddie,Freddie,4742
kap,hood,4743
knal,pop,4744
intussen,Meanwhile,4745
kleinzoon,grandson,4746
verzetten,to postpone,4747
jaagt,hunts,4748
grey,grey,4749
eis,requirement,4750
buitenland,abroad,4751
ongeacht,regardless of,4752
g,g,4753
krijt,chalk,4754
oven,oven,4755
gps,GPS,4756
januari,January,4757
benjamin,Benjamin,4758
roos,rose,4759
leuks,fun,4760
denise,Denise,4761
zachte,soft,4762
douglas,Douglas,4763
air,air,4764
grondig,thorough,4765
bestuurder,Director,4766
vallei,valley,4767
aanvaarden,to accept,4768
heden,today,4769
hieraan,here,4770
achtervolgen,Chase,4771
database,database,4772
weddenschap,bet,4773
dc,DC,4774
australië,Australia,4775
achterlijk,retarded,4776
vereerd,honored,4777
receptie,front desk,4778
stoort,disturb,4779
jessie,Jessie,4780
holmes,holmes,4781
menu,menu,4782
opende,open,4783
klere,crek,4784
klooster,monastery,4785
oogje,eye,4786
voorstelling,presentation,4787
gestaan,stood,4788
barnes,Barnes,4789
gebeurtenis,event,4790
hoofden,heads,4791
balans,balance,4792
uitspraak,statement,4793
l,l,4794
logeren,stay,4795
schrik,fright,4796
medewerkers,staff,4797
times,times,4798
tatoeage,tattoo,4799
visioen,vision,4800
dealer,dealer,4801
nieuwste,newest,4802
dekmantel,mantle,4803
scheppen,scoop,4804
guy,Guy,4805
overtuigend,convincing,4806
specifiek,specifically,4807
stark,Stark,4808
knopen,knot,4809
day,day,4810
ranch,ranch,4811
boter,butter,4812
golven,waves,4813
belasting,tax,4814
ridder,knight,4815
tanks,tanks,4816
bezoekers,visitors,4817
waaronder,including,4818
gewoond,lived,4819
speciaals,specialty,4820
mick,mick,4821
Mayıs,Mayıs,4822
diploma,diploma,4823
liter,liter,4824
ontwikkeling,development,4825
wandeling,walk,4826
handboeien,handcuff,4827
zielige,pathetic,4828
inwoners,inhabitants,4829
out,out,4830
stoere,tough,4831
lance,lance,4832
garcia,Garcia,4833
rechterhand,right hand,4834
geluiden,noises,4835
achterdeur,back door,4836
mode,fashion,4837
afspraken,dates,4838
groepen,groups,4839
teleur,disappoint,4840
behandel,treatment,4841
banken,banks,4842
hecht,close,4843
springt,jumps,4844
rosco,rosco,4845
blonde,blonde,4846
ex-vrouw,ex-wife,4847
unieke,unique,4848
litteken,scar,4849
tapijt,carpet,4850
kunstenaar,artist,4851
flessen,bottle,4852
blond,blond,4853
systemen,systems,4854
schurk,rogue,4855
claudia,Claudia,4856
teleurstellen,disappoint,4857
sullivan,sullivan,4858
termijn,term,4859
eindigde,ended up,4860
beschrijving,description,4861
onderschat,underestimated,4862
kloten,loser,4863
slangen,snakes,4864
nader,further,4865
rent,run,4866
gebieden,areas,4867
morris,Morris,4868
alpha,Alpha,4869
publieke,public,4870
maatschappij,society,4871
opletten,NB,4872
positieve,positive,4873
vette,greasy,4874
romantische,romantic,4875
organen,organs,4876
pierre,pierre,4877
beledigen,to offend,4878
loser,loser,4879
cake,Cake,4880
bestuderen,study,4881
stort,dump,4882
stalen,steel,4883
robbie,Robbie,4884
harvard,Harvard,4885
cindy,cindy,4886
varkens,pork,4887
verberg,hidden,4888
drew,Drew,4889
spook,ghost,4890
hierop,here,4891
ezel,donkey,4892
jongeren,youngsters,4893
geïdentificeerd,identified,4894
diagnose,diagnosis,4895
geroepen,convened,4896
kijkje,look,4897
spijtig,regrettable,4898
duim,thumb,4899
vertelden,tell,4900
tientallen,tens,4901
u.,you.,4902
economie,economy,4903
weerstaan,to resist,4904
gebruikelijke,usual,4905
gigantische,gigantic,4906
finale,final,4907
kitty,Kitty,4908
gezegend,blessed,4909
directe,direct,4910
gewist,deleted,4911
beweren,to claim,4912
hechtenis,custody,4913
raadsel,puzzle,4914
langzamer,slower,4915
waardeloze,hellless,4916
spionnen,spy,4917
piper,piper,4918
stoelen,chair,4919
beschaving,civilization,4920
erna,afterwards,4921
bedriegen,to cheat,4922
foute,wrong,4923
oranje,Orange,4924
verbind,connect,4925
wijk,neighbourhood,4926
traag,slow,4927
eeuwigheid,eternity,4928
eerlijkheid,honesty,4929
woonkamer,living room,4930
hot,hot,4931
bereiden,prepare,4932
vreemdeling,stranger,4933
goedgekeurd,approved,4934
serveerster,waitress,4935
fysieke,physical,4936
dappere,brave,4937
thompson,Thompson,4938
omkleden,get changed,4939
sire,Sire,4940
haai,shark,4941
klaus,claus,4942
ademhalen,breathe,4943
zakenman,businessman,4944
geopereerd,had surgery,4945
grijze,gray,4946
daten,to date,4947
kwijtraken,lose,4948
lengte,length,4949
vereist,requires,4950
lijnen,lines,4951
houston,Houston,4952
isaac,Isaac,4953
ontwerp,design,4954
betrekken,involve,4955
ongewoon,unusual,4956
elders,elsewhere,4957
duister,fiddling,4958
bepaalt,determines,4959
zilveren,silver,4960
ondervraagd,interrogated,4961
handdoek,towel,4962
expres,deliberately,4963
luchthaven,airport,4964
coke,coke,4965
lerares,female teacher,4966
origineel,original,4967
dosis,dose,4968
e-mails,e-mails,4969
machtig,powerful,4970
voegen,add,4971
mietje,sissy,4972
gekust,kissed,4973
inhoud,contents,4974
ego,ego,4975
nare,nasty,4976
waardevol,valuable,4977
voorkant,front side,4978
hopeloos,hopeless,4979
afgemaakt,finished,4980
avondeten,supper,4981
uiterste,extreme,4982
spaanse,Spanish,4983
realiseer,realize,4984
lindsay,Lindsay,4985
blad,sheet,4986
geel,yellow,4987
bewaakt,guarded,4988
negeer,Ignore,4989
snor,Moustache,4990
eed,oath,4991
klopte,beat,4992
academie,academy,4993
afzetten,drop off,4994
gewassen,crops,4995
verlopen,expired,4996
voorouders,ancestors,4997
dreiging,threat,4998
linker,left,4999
tucker,Tucker,5000
griffin,griffin,5001
